"xpath","variable_name_new","nch","description","location_code_xsd","location_code","form","part","line_number","scope","data_type_xsd","data_type_simple","cardinality","rdb_table","required","versions","latest_version","duplicated","current_version","production_rule","validated"
"/Return/ReturnData/IRS990/Form990PartVIISectionA/Line1ATotalGT150K","F9_07_PC_COMP_GT_150K_CHECKBOX",30,"Line1a; total greater than $150K?","","F990-PC-PART-07-SECTION-A-LINE-4","F990-PC","PART-07","Section A Line 4","PC","","boolean","ONE","F9-P07-TABLE-00-COMP-OVERVIEW",NA,"",NA,NA,NA,NA,NA
"/Return/ReturnData/IRS990/TotalCompGreaterThan150KInd","F9_07_PC_COMP_GT_150K_CHECKBOX",30,"Line1a, total greater than $150K?","[TotalCompGreaterThan150KInd] Part VII Section A Line 4","F990-PC-PART-07-SECTION-A-LINE-4","F990-PC","PART-07","Section A Line 5","PC","BooleanType","boolean","ONE","F9-P07-TABLE-00-COMP-OVERVIEW",FALSE,"2013v3.0;2013v3.1;2013v4.0;2014v5.0;2014v6.0;2015v2.0;2015v2.1;2015v3.0;2016v3.0",2016,FALSE,TRUE,NA,NA
"/Return/ReturnData/IRS990/TotalCompGT150K","F9_07_PC_COMP_GT_150K_CHECKBOX",30,"Line1a, total greater than $150K?","[TotalCompGT150K] Part VII Section A Line 4","F990-PC-PART-07-SECTION-A-LINE-4","F990-PC","PART-07","Section A Line 6","PC","BooleanType","boolean","ONE","F9-P07-TABLE-00-COMP-OVERVIEW",FALSE,"2009v1.0;2009v1.1;2009v1.2;2009v1.3;2009v1.4;2009v1.7;2010v3.2;2010v3.4;2010v3.6;2010v3.7;2011v1.2;2011v1.3;2011v1.4;2011v1.5;2012v2.0;2012v2.1;2012v2.2;2012v2.3;2012v3.0",2012,FALSE,TRUE,NA,NA
"/Return/ReturnData/IRS990/Form990PartVIISectionA/TotalColumnD","F9_07_PC_COMP_SUBTOT_DIRECT",27,"Total; column D","","F990-PC-PART-07-SECTION-A-LINE-1b-COL-D","F990-PC","PART-07","Section A Line 1b Col D","PC","","numeric","ONE","F9-P07-TABLE-00-COMP-OVERVIEW",NA,"",NA,NA,NA,NA,NA
"/Return/ReturnData/IRS990/Form990PartVIISectionA/TotalColumnF","F9_07_PC_COMP_SUBTOT_OTHER",26,"Total; column F","","F990-PC-PART-07-SECTION-A-LINE-1b-COL-F","F990-PC","PART-07","Section A Line 1b Col F","PC","","numeric","ONE","F9-P07-TABLE-00-COMP-OVERVIEW",NA,"",NA,NA,NA,NA,NA
"/Return/ReturnData/IRS990/Form990PartVIISectionA/TotalColumnE","F9_07_PC_COMP_SUBTOT_RELATED",28,"Total; column E","","F990-PC-PART-07-SECTION-A-LINE-1b-COL-E","F990-PC","PART-07","Section A Line 1b Col E","PC","","numeric","ONE","F9-P07-TABLE-00-COMP-OVERVIEW",NA,"",NA,NA,NA,NA,NA
"/Return/ReturnData/IRS990/OfcrDirTrusteesOrKeyEmployee/AddressForeign/AddressLine1","F9_07_PC_DTK_ADDR_FRGN_L1",25,"Address Foreign - AddressLine1","","F990-PC-PART-07-SECTION-A-COL-A","F990-PC","PART-07","Section A Column (a)","PC","","text","MANY","F9-P07-TABLE-01-DTK-COMPENSATION",NA,"",NA,NA,NA,NA,NA
"/Return/ReturnData/IRS990/OfcrDirTrusteesOrKeyEmployee/AddressForeign/AddressLine2","F9_07_PC_DTK_ADDR_FRGN_L2",25,"Address Foreign - AddressLine2","","F990-PC-PART-07-SECTION-A-COL-A","F990-PC","PART-07","Section A Column (a)","PC","","text","MANY","F9-P07-TABLE-01-DTK-COMPENSATION",NA,"",NA,NA,NA,NA,NA
"/Return/ReturnData/IRS990/OfcrDirTrusteesOrKeyEmployee/AddressUS/AddressLine1","F9_07_PC_DTK_ADDR_US_L1",23,"Address US - AddressLine1","","F990-PC-PART-07-SECTION-A-COL-A","F990-PC","PART-07","Section A Column (a)","PC","StreetAddressType","text","MANY","F9-P07-TABLE-01-DTK-COMPENSATION",NA,"",NA,NA,NA,NA,NA
"/Return/ReturnData/IRS990/OfcrDirTrusteesOrKeyEmployee/AddressUS/AddressLine2","F9_07_PC_DTK_ADDR_US_L2",23,"Address US - AddressLine2","","F990-PC-PART-07-SECTION-A-COL-A","F990-PC","PART-07","Section A Column (a)","PC","StreetAddressType","text","MANY","F9-P07-TABLE-01-DTK-COMPENSATION",NA,"",NA,NA,NA,NA,NA
"/Return/ReturnData/IRS990/OfcrDirTrusteesOrKeyEmployee/AddressForeign/City","F9_07_PC_DTK_CITY_FRGN",22,"Address Foreign - City","","F990-PC-PART-07-SECTION-A-COL-A","F990-PC","PART-07","Section A Column (a)","PC","","text","MANY","F9-P07-TABLE-01-DTK-COMPENSATION",NA,"",NA,NA,NA,NA,NA
"/Return/ReturnData/IRS990/OfcrDirTrusteesOrKeyEmployee/AddressUS/City","F9_07_PC_DTK_CITY_US",20,"Address US - City","","F990-PC-PART-07-SECTION-A-COL-A","F990-PC","PART-07","Section A Column (a)","PC","CityType","text","MANY","F9-P07-TABLE-01-DTK-COMPENSATION",NA,"",NA,NA,NA,NA,NA
"/Return/ReturnData/IRS990/OfcrDirTrusteesOrKeyEmployee/AddressForeign/Country","F9_07_PC_DTK_COUNTRY_FRGN",25,"Address Foreign - Country","","F990-PC-PART-07-SECTION-A-COL-A","F990-PC","PART-07","Section A Column (a)","PC","","text","MANY","F9-P07-TABLE-01-DTK-COMPENSATION",NA,"",NA,NA,NA,NA,NA
"/Return/ReturnData/IRS990/Form990PartVIISectionAGrp/FormerOfcrDirectorTrusteeInd","F9_07_PC_DTK_POS_FORMER",23,"Former","[FormerOfcrDirectorTrusteeInd] Part VII Section A Line 1a C","F990-PC-PART-07-SECTION-A-COL-C","F990-PC","PART-07","Section A Column (c)","PC","CheckboxType","boolean","MANY","F9-P07-TABLE-01-DTK-COMPENSATION",FALSE,"2013v3.0;2013v3.1;2013v4.0;2014v5.0;2014v6.0;2015v2.0;2015v2.1;2015v3.0;2016v3.0",2016,FALSE,TRUE,NA,NA
"/Return/ReturnData/IRS990/Form990PartVIISectionA/Former","F9_07_PC_DTK_POS_FORMER",23,"Is a former officer, director, or trustee listed in the compensation table in Sectin A Line 1a? ","[Former] Part VII Section A Line 1a C","F990-PC-PART-07-SECTION-A-COL-C","F990-PC","PART-07","Section A Column (c)","PC","CheckboxType","boolean","MANY","F9-P07-TABLE-01-DTK-COMPENSATION",FALSE,"2009v1.0;2009v1.1;2009v1.2;2009v1.3;2009v1.4;2009v1.7;2010v3.2;2010v3.4;2010v3.6;2010v3.7;2011v1.2;2011v1.3;2011v1.4;2011v1.5;2012v2.0;2012v2.1;2012v2.2;2012v2.3;2012v3.0",2012,FALSE,TRUE,NA,NA
"/Return/ReturnData/IRS990/Form990PartVIISectionA/HighestCompensatedEmployee","F9_07_PC_DTK_POS_HIGH_COMP_EMP",30,"Highest compensated employee","[HighestCompensatedEmployee] Part VII Section A Line 1a C","F990-PC-PART-07-SECTION-A-COL-C-POS-5","F990-PC","PART-07","Section A Column (c)","PC","CheckboxType","boolean","MANY","F9-P07-TABLE-01-DTK-COMPENSATION",FALSE,"2009v1.0;2009v1.1;2009v1.2;2009v1.3;2009v1.4;2009v1.7;2010v3.2;2010v3.4;2010v3.6;2010v3.7;2011v1.2;2011v1.3;2011v1.4;2011v1.5;2012v2.0;2012v2.1;2012v2.2;2012v2.3;2012v3.0",2012,FALSE,TRUE,NA,NA
"/Return/ReturnData/IRS990/Form990PartVIISectionAGrp/HighestCompensatedEmployeeInd","F9_07_PC_DTK_POS_HIGH_COMP_EMP",30,"Highest compensated employee","[HighestCompensatedEmployeeInd] Part VII Section A Line 1a C","F990-PC-PART-07-SECTION-A-COL-C-POS-5","F990-PC","PART-07","Section A Column (c)","PC","CheckboxType","boolean","MANY","F9-P07-TABLE-01-DTK-COMPENSATION",FALSE,"2013v3.0;2013v3.1;2013v4.0;2014v5.0;2014v6.0;2015v2.0;2015v2.1;2015v3.0;2016v3.0",2016,FALSE,TRUE,NA,NA
"/Return/ReturnData/IRS990/Form990PartVIISectionA/KeyEmployee","F9_07_PC_DTK_POS_KEY_EMPLOYEE",29,"Key Employee","[KeyEmployee] Part VII Section A Line 1a C","F990-PC-PART-07-SECTION-A-COL-C-POS-4","F990-PC","PART-07","Section A Column (c)","PC","CheckboxType","boolean","MANY","F9-P07-TABLE-01-DTK-COMPENSATION",FALSE,"2009v1.0;2009v1.1;2009v1.2;2009v1.3;2009v1.4;2009v1.7;2010v3.2;2010v3.4;2010v3.6;2010v3.7;2011v1.2;2011v1.3;2011v1.4;2011v1.5;2012v2.0;2012v2.1;2012v2.2;2012v2.3;2012v3.0",2012,FALSE,TRUE,NA,NA
"/Return/ReturnData/IRS990/Form990PartVIISectionAGrp/KeyEmployeeInd","F9_07_PC_DTK_POS_KEY_EMPLOYEE",29,"Form990 Part VIISection AGrp - Key Employee","[KeyEmployeeInd] Part VII Section A Line 1a C","F990-PC-PART-07-SECTION-A-COL-C-POS-4","F990-PC","PART-07","Section A Column (c)","PC","CheckboxType","boolean","MANY","F9-P07-TABLE-01-DTK-COMPENSATION",NA,"2013v3.0;2013v3.1;2013v4.0;2014v5.0;2014v6.0;2015v2.0;2015v2.1;2015v3.0;2016v3.0",2016,FALSE,TRUE,NA,NA
"/Return/ReturnData/IRS990/Form990PartVIISectionAGrp/OfficerInd","F9_07_PC_DTK_POS_OFFICER",24,"Form990 Part VIISection AGrp - Officer","[OfficerInd] Part VII Section A Line 1a C","F990-PC-PART-07-SECTION-A-COL-C-POS-3","F990-PC","PART-07","Section A Column (c)","PC","CheckboxType","boolean","MANY","F9-P07-TABLE-01-DTK-COMPENSATION",NA,"2013v3.0;2013v3.1;2013v4.0;2014v5.0;2014v6.0;2015v2.0;2015v2.1;2015v3.0;2016v3.0",2016,FALSE,TRUE,NA,NA
"/Return/ReturnData/IRS990/Form990PartVIISectionA/Officer","F9_07_PC_DTK_POS_OFFICER",24,"Officer","[Officer] Part VII Section A Line 1a C","F990-PC-PART-07-SECTION-A-COL-C-POS-3","F990-PC","PART-07","Section A Column (c)","PC","CheckboxType","boolean","MANY","F9-P07-TABLE-01-DTK-COMPENSATION",FALSE,"2009v1.0;2009v1.1;2009v1.2;2009v1.3;2009v1.4;2009v1.7;2010v3.2;2010v3.4;2010v3.6;2010v3.7;2011v1.2;2011v1.3;2011v1.4;2011v1.5;2012v2.0;2012v2.1;2012v2.2;2012v2.3;2012v3.0",2012,FALSE,TRUE,NA,NA
"/Return/ReturnData/IRS990/Form990PartVIISectionA/IndividualTrusteeOrDirector","F9_07_PC_DTK_POS_TRUSTEE_INDIV",30,"Individual trustee or director","[IndividualTrusteeOrDirector] Part VII Section A Line 1a C","F990-PC-PART-07-SECTION-A-COL-C-POS-1","F990-PC","PART-07","Section A Column (c)","PC","CheckboxType","boolean","MANY","F9-P07-TABLE-01-DTK-COMPENSATION",FALSE,"2009v1.0;2009v1.1;2009v1.2;2009v1.3;2009v1.4;2009v1.7;2010v3.2;2010v3.4;2010v3.6;2010v3.7;2011v1.2;2011v1.3;2011v1.4;2011v1.5;2012v2.0;2012v2.1;2012v2.2;2012v2.3;2012v3.0",2012,FALSE,TRUE,NA,NA
"/Return/ReturnData/IRS990/Form990PartVIISectionAGrp/IndividualTrusteeOrDirectorInd","F9_07_PC_DTK_POS_TRUSTEE_INDIV",30,"Individual trustee or director","[IndividualTrusteeOrDirectorInd] Part VII Section A Line 1a C","F990-PC-PART-07-SECTION-A-COL-C-POS-1","F990-PC","PART-07","Section A Column (c)","PC","CheckboxType","boolean","MANY","F9-P07-TABLE-01-DTK-COMPENSATION",NA,"2013v3.0;2013v3.1;2013v4.0;2014v5.0;2014v6.0;2015v2.0;2015v2.1;2015v3.0;2016v3.0",2016,FALSE,TRUE,NA,NA
"/Return/ReturnData/IRS990/Form990PartVIISectionA/InstitutionalTrustee","F9_07_PC_DTK_POS_TRUSTEE_INST",29,"Institutional Trustee","[InstitutionalTrustee] Part VII Section A Line 1a C","F990-PC-PART-07-SECTION-A-COL-C-POS-2","F990-PC","PART-07","Section A Column (c)","PC","CheckboxType","boolean","MANY","F9-P07-TABLE-01-DTK-COMPENSATION",FALSE,"2009v1.0;2009v1.1;2009v1.2;2009v1.3;2009v1.4;2009v1.7;2010v3.2;2010v3.4;2010v3.6;2010v3.7;2011v1.2;2011v1.3;2011v1.4;2011v1.5;2012v2.0;2012v2.1;2012v2.2;2012v2.3;2012v3.0",2012,FALSE,TRUE,NA,NA
"/Return/ReturnData/IRS990/Form990PartVIISectionAGrp/InstitutionalTrusteeInd","F9_07_PC_DTK_POS_TRUSTEE_INST",29,"Institutional Trustee","[InstitutionalTrusteeInd] Part VII Section A Line 1a C","F990-PC-PART-07-SECTION-A-COL-C-POS-2","F990-PC","PART-07","Section A Column (c)","PC","CheckboxType","boolean","MANY","F9-P07-TABLE-01-DTK-COMPENSATION",NA,"2013v3.0;2013v3.1;2013v4.0;2014v5.0;2014v6.0;2015v2.0;2015v2.1;2015v3.0;2016v3.0",2016,FALSE,TRUE,NA,NA
"/Return/ReturnData/IRS990/OfcrDirTrusteesOrKeyEmployee/AddressForeign/ProvinceOrState","F9_07_PC_DTK_STATE_FRGN",23,"Province or state","","F990-PC-PART-07-SECTION-A-COL-A","F990-PC","PART-07","Section A Column (a)","PC","","text","MANY","F9-P07-TABLE-01-DTK-COMPENSATION",NA,"",NA,NA,NA,NA,NA
"/Return/ReturnData/IRS990/OfcrDirTrusteesOrKeyEmployee/AddressUS/State","F9_07_PC_DTK_STATE_US",21,"Address US - State","","F990-PC-PART-07-SECTION-A-COL-A","F990-PC","PART-07","Section A Column (a)","PC","StateType","text","MANY","F9-P07-TABLE-01-DTK-COMPENSATION",NA,"",NA,NA,NA,NA,NA
"/Return/ReturnData/IRS990/OfcrDirTrusteesOrKeyEmployee/AddressForeign/PostalCode","F9_07_PC_DTK_ZIP_FRGN",21,"Address Foreign - Postal code","","F990-PC-PART-07-SECTION-A-COL-A","F990-PC","PART-07","Section A Column (a)","PC","","text","MANY","F9-P07-TABLE-01-DTK-COMPENSATION",NA,"",NA,NA,NA,NA,NA
"/Return/ReturnData/IRS990/OfcrDirTrusteesOrKeyEmployee/AddressUS/ZIPCode","F9_07_PC_DTK_ZIP_US",19,"Address US - ZIPCode","","F990-PC-PART-07-SECTION-A-COL-A","F990-PC","PART-07","Section A Column (a)","PC","ZIPCodeType","text","MANY","F9-P07-TABLE-01-DTK-COMPENSATION",NA,"",NA,NA,NA,NA,NA
"/Return/ReturnData/IRS990/Form990PartVIISectionA/FormersListedIn1A","F9_07_PC_FORMER_CHECKBOX",24,"Is a former officer, director, or trustee listed in the compensation table in Sectin A Line 1a? ","","F990-PC-PART-07-SECTION-A-LINE-3","F990-PC","PART-07","Section A Line 3","PC","","boolean","ONE","F9-P07-TABLE-00-COMP-OVERVIEW",NA,"",NA,NA,NA,NA,NA
"/Return/ReturnData/IRS990/FormerOfcrEmployeesListedInd","F9_07_PC_FORMER_CHECKBOX",24,"Is a former officer, director, or trustee listed in the compensation table in Sectin A Line 1a? ","[FormerOfcrEmployeesListedInd] Part VII Section A Line 3","F990-PC-PART-07-SECTION-A-LINE-3","F990-PC","PART-07","Section A Line 3","PC","BooleanType","boolean","ONE","F9-P07-TABLE-00-COMP-OVERVIEW",FALSE,"2013v3.0;2013v3.1;2013v4.0;2014v5.0;2014v6.0;2015v2.0;2015v2.1;2015v3.0;2016v3.0",2016,FALSE,TRUE,NA,NA
"/Return/ReturnData/IRS990/FormersListed","F9_07_PC_FORMER_CHECKBOX",24,"Is a former officer, director, or trustee listed in the compensation table in Sectin A Line 1a? ","[FormersListed] Part VII Section A Line 3","F990-PC-PART-07-SECTION-A-LINE-3","F990-PC","PART-07","Section A Line 3","PC","BooleanType","boolean","ONE","F9-P07-TABLE-00-COMP-OVERVIEW",FALSE,"2009v1.0;2009v1.1;2009v1.2;2009v1.3;2009v1.4;2009v1.7;2010v3.2;2010v3.4;2010v3.6;2010v3.7;2011v1.2;2011v1.3;2011v1.4;2011v1.5;2012v2.0;2012v2.1;2012v2.2;2012v2.3;2012v3.0",2012,FALSE,TRUE,NA,NA
"/Return/ReturnData/IRS990/FrmrOfcrDirTrstOrKeyEmployee/AddressForeign/AddressLine1","F9_07_PC_FORMER_DTK_ADDR_FRGN_L1",32,"Address Foreign - AddressLine1","","F990-PC-PART-07-SECTION-A-COL-A","F990-PC","PART-07","Section A Column (a)","PC","","text","MANY","F9-P07-TABLE-01-DTK-COMPENSATION",NA,"",NA,NA,NA,NA,NA
"/Return/ReturnData/IRS990/FrmrOfcrDirTrstOrKeyEmployee/AddressForeign/AddressLine2","F9_07_PC_FORMER_DTK_ADDR_FRGN_L2",32,"Address Foreign - AddressLine2","","F990-PC-PART-07-SECTION-A-COL-A","F990-PC","PART-07","Section A Column (a)","PC","","text","MANY","F9-P07-TABLE-01-DTK-COMPENSATION",NA,"",NA,NA,NA,NA,NA
"/Return/ReturnData/IRS990/FrmrOfcrDirTrstOrKeyEmployee/AddressUS/AddressLine1","F9_07_PC_FORMER_DTK_ADDR_US_L1",30,"Address US - AddressLine1","","F990-PC-PART-07-SECTION-A-COL-A","F990-PC","PART-07","Section A Column (a)","PC","","text","MANY","F9-P07-TABLE-01-DTK-COMPENSATION",NA,"",NA,NA,NA,NA,NA
"/Return/ReturnData/IRS990/FrmrOfcrDirTrstOrKeyEmployee/AddressUS/AddressLine2","F9_07_PC_FORMER_DTK_ADDR_US_L2",30,"Address US - AddressLine2","","F990-PC-PART-07-SECTION-A-COL-A","F990-PC","PART-07","Section A Column (a)","PC","","text","MANY","F9-P07-TABLE-01-DTK-COMPENSATION",NA,"",NA,NA,NA,NA,NA
"/Return/ReturnData/IRS990/FrmrOfcrDirTrstOrKeyEmployee/AddressForeign/City","F9_07_PC_FORMER_DTK_CITY_FRGN",29,"Address Foreign - City","","F990-PC-PART-07-SECTION-A-COL-A","F990-PC","PART-07","Section A Column (a)","PC","","text","MANY","F9-P07-TABLE-01-DTK-COMPENSATION",NA,"",NA,NA,NA,NA,NA
"/Return/ReturnData/IRS990/FrmrOfcrDirTrstOrKeyEmployee/AddressUS/City","F9_07_PC_FORMER_DTK_CITY_US",27,"Address US - City","","F990-PC-PART-07-SECTION-A-COL-A","F990-PC","PART-07","Section A Column (a)","PC","","text","MANY","F9-P07-TABLE-01-DTK-COMPENSATION",NA,"",NA,NA,NA,NA,NA
"/Return/ReturnData/IRS990/FrmrOfcrDirTrstOrKeyEmployee/AddressForeign/Country","F9_07_PC_FORMER_DTK_COUNTRY_FRGN",32,"Address Foreign - Country","","F990-PC-PART-07-SECTION-A-COL-A","F990-PC","PART-07","Section A Column (a)","PC","","text","MANY","F9-P07-TABLE-01-DTK-COMPENSATION",NA,"",NA,NA,NA,NA,NA
"/Return/ReturnData/IRS990/FrmrOfcrDirTrstOrKeyEmployee/AddressForeign/ProvinceOrState","F9_07_PC_FORMER_DTK_STATE_FRGN",30,"Province or state","","F990-PC-PART-07-SECTION-A-COL-A","F990-PC","PART-07","Section A Column (a)","PC","","text","MANY","F9-P07-TABLE-01-DTK-COMPENSATION",NA,"",NA,NA,NA,NA,NA
"/Return/ReturnData/IRS990/FrmrOfcrDirTrstOrKeyEmployee/AddressUS/State","F9_07_PC_FORMER_DTK_STATE_US",28,"Address US - State","","F990-PC-PART-07-SECTION-A-COL-A","F990-PC","PART-07","Section A Column (a)","PC","","text","MANY","F9-P07-TABLE-01-DTK-COMPENSATION",NA,"",NA,NA,NA,NA,NA
"/Return/ReturnData/IRS990/FrmrOfcrDirTrstOrKeyEmployee/AddressForeign/PostalCode","F9_07_PC_FORMER_DTK_ZIP_FRGN",28,"Address Foreign - Postal code","","F990-PC-PART-07-SECTION-A-COL-A","F990-PC","PART-07","Section A Column (a)","PC","","text","MANY","F9-P07-TABLE-01-DTK-COMPENSATION",NA,"",NA,NA,NA,NA,NA
"/Return/ReturnData/IRS990/FrmrOfcrDirTrstOrKeyEmployee/AddressUS/ZIPCode","F9_07_PC_FORMER_DTK_ZIP_US",26,"Address US - ZIPCode","","F990-PC-PART-07-SECTION-A-COL-A","F990-PC","PART-07","Section A Column (a)","PC","","text","MANY","F9-P07-TABLE-01-DTK-COMPENSATION",NA,"",NA,NA,NA,NA,NA
"/Return/ReturnData/IRS990/Form990PartVIISectionA/NoListedPersonsCompensated","F9_07_PC_NO_PERSON_COMPENSATED",30,"No listed persons compensated","","F990-PC-PART-07_SECTION-A-LINE-1a","F990-PC","PART-07","Section A Line 1a","PC","","boolean","ONE","F9-P07-TABLE-00-COMP-OVERVIEW",NA,"",NA,NA,NA,NA,NA
"/Return/ReturnData/IRS990/NoListedPersonsCompensated","F9_07_PC_NO_PERSON_COMPENSATED",30,"No listed persons compensated","[NoListedPersonsCompensated] Part VII Section A","F990-PC-PART-07_SECTION-A-LINE-1a","F990-PC","PART-07","Section A Line 1a","PC","CheckboxType","boolean","ONE","F9-P07-TABLE-00-COMP-OVERVIEW",FALSE,"2009v1.0;2009v1.1;2009v1.2;2009v1.3;2009v1.4;2009v1.7;2010v3.2;2010v3.4;2010v3.6;2010v3.7;2011v1.2;2011v1.3;2011v1.4;2011v1.5;2012v2.0;2012v2.1;2012v2.2;2012v2.3;2012v3.0",2012,FALSE,TRUE,NA,NA
"/Return/ReturnData/IRS990/NoListedPersonsCompensatedInd","F9_07_PC_NO_PERSON_COMPENSATED",30,"No listed persons compensated","[NoListedPersonsCompensatedInd] Part VII Section A","F990-PC-PART-07_SECTION-A-LINE-1a","F990-PC","PART-07","Section A Line 1a","PC","CheckboxType","boolean","ONE","F9-P07-TABLE-00-COMP-OVERVIEW",FALSE,"2013v3.0;2013v3.1;2013v4.0;2014v5.0;2014v6.0;2015v2.0;2015v2.1;2015v3.0;2016v3.0",2016,FALSE,TRUE,NA,NA
"/Return/ReturnData/IRS990/IndivRcvdGreaterThan100KCnt","F9_07_PC_NUM_EMP_COMP_GT_100K",29,"Number individuals greater than $100K","[IndivRcvdGreaterThan100KCnt] Part VII Section A Line 2","F990-PC-PART-07-SECTION-A-LINE-2","F990-PC","PART-07","Section A Line 2","PC","CountType","numeric","ONE","F9-P07-TABLE-00-COMP-OVERVIEW",FALSE,"2013v3.0;2013v3.1;2013v4.0;2014v5.0;2014v6.0;2015v2.0;2015v2.1;2015v3.0;2016v3.0",2016,FALSE,TRUE,NA,NA
"/Return/ReturnData/IRS990/NumberIndividualsGT100K","F9_07_PC_NUM_EMP_COMP_GT_100K",29,"Number individuals greater than $100K","[NumberIndividualsGT100K] Part VII Section A Line 2","F990-PC-PART-07-SECTION-A-LINE-2","F990-PC","PART-07","Section A Line 2","PC","CountType","numeric","ONE","F9-P07-TABLE-00-COMP-OVERVIEW",FALSE,"2009v1.0;2009v1.1;2009v1.2;2009v1.3;2009v1.4;2009v1.7;2010v3.2;2010v3.4;2010v3.6;2010v3.7;2011v1.2;2011v1.3;2011v1.4;2011v1.5;2012v2.0;2012v2.1;2012v2.2;2012v2.3;2012v3.0",2012,FALSE,TRUE,NA,NA
"/Return/ReturnData/IRS990/CompensationFromOtherSources","F9_07_PC_OTHER_COMP_CHECKBOX",28,"Compensation from other sources?","[CompensationFromOtherSources] Part VII Section A Line 5","F990-PC-PART-07-SECTION-A-LINE-5","F990-PC","PART-07","Section A Line 5","PC","BooleanType","boolean","ONE","F9-P07-TABLE-00-COMP-OVERVIEW",FALSE,"2009v1.0;2009v1.1;2009v1.2;2009v1.3;2009v1.4;2009v1.7;2010v3.2;2010v3.4;2010v3.6;2010v3.7;2011v1.2;2011v1.3;2011v1.4;2011v1.5;2012v2.0;2012v2.1;2012v2.2;2012v2.3;2012v3.0",2012,FALSE,TRUE,NA,NA
"/Return/ReturnData/IRS990/CompensationFromOtherSrcsInd","F9_07_PC_OTHER_COMP_CHECKBOX",28,"Compensation from other sources?","[CompensationFromOtherSrcsInd] Part VII Section A Line 5","F990-PC-PART-07-SECTION-A-LINE-5","F990-PC","PART-07","Section A Line 5","PC","BooleanType","boolean","ONE","F9-P07-TABLE-00-COMP-OVERVIEW",FALSE,"2013v3.0;2013v3.1;2013v4.0;2014v5.0;2014v6.0;2015v2.0;2015v2.1;2015v3.0;2016v3.0",2016,FALSE,TRUE,NA,NA
"/Return/ReturnData/IRS990/Form990PartVIISectionA/CompensationFromOtherSources","F9_07_PC_OTHER_COMP_CHECKBOX",28,"Compensation from other sources?","","F990-PC-PART-07-SECTION-A-LINE-5","F990-PC","PART-07","Section A Line 5","PZ","","boolean","ONE","F9-P07-TABLE-00-COMP-OVERVIEW",NA,"",NA,NA,NA,NA,NA
"/Return/ReturnData/IRS990/Form990PartVIISectionA/ReportableCompFromOrganization","F9_07_PZ_COMP_DIRECT",20,"Reportable compensation from organization","[ReportableCompFromOrganization] Part VII Section A Line 1a D","F990-PC-PART-07-SECTION-A-COL-D","F990-PC","PART-07","Section A Column (d)","PZ","USAmountType","numeric","MANY","F9-P07-TABLE-01-DTK-COMPENSATION",FALSE,"2009v1.0;2009v1.1;2009v1.2;2009v1.3;2009v1.4;2009v1.7;2010v3.2;2010v3.4;2010v3.6;2010v3.7;2011v1.2;2011v1.3;2011v1.4;2011v1.5;2012v2.0;2012v2.1;2012v2.2;2012v2.3;2012v3.0",2012,FALSE,TRUE,NA,NA
"/Return/ReturnData/IRS990/Form990PartVIISectionAGrp/ReportableCompFromOrgAmt","F9_07_PZ_COMP_DIRECT",20,"Reportable compensation from organization","[ReportableCompFromOrgAmt] Part VII Section A Line 1a D","F990-PC-PART-07-SECTION-A-COL-D","F990-PC","PART-07","Section A Column (d)","PZ","USAmountType","numeric","MANY","F9-P07-TABLE-01-DTK-COMPENSATION",FALSE,"2013v3.0;2013v3.1;2013v4.0;2014v5.0;2014v6.0;2015v2.0;2015v2.1;2015v3.0;2016v3.0",2016,FALSE,TRUE,NA,NA
"/Return/ReturnData/IRS990EZ/Form990PartVIISectionA/ReportableCompFromOrganization","F9_07_PZ_COMP_DIRECT",20,"Reportable compensation from organization","","F990-EZ-PART-04-COL-C","F990-EZ","PART-07","Column (c)","PZ","","numeric","MANY","F9-P07-TABLE-01-DTK-COMPENSATION",NA,"",NA,NA,NA,NA,NA
"/Return/ReturnData/IRS990EZ/Form990PartVIISectionAGrp/ReportableCompFromOrgAmt","F9_07_PZ_COMP_DIRECT",20,"Reportable compensation from organization","","F990-EZ-PART-04-COL-C","F990-EZ","PART-07","Column (c)","PZ","","numeric","MANY","F9-P07-TABLE-01-DTK-COMPENSATION",NA,"",NA,NA,NA,NA,NA
"/Return/ReturnData/IRS990EZ/OfficerDirectorTrusteeEmplGrp/CompensationAmt","F9_07_PZ_COMP_DIRECT",20,"Reportable compensation from organization","[OfficerDirectorTrusteeEmplGrp] Part IV; [CompensationAmt] Part IV - Column (c)","F990-EZ-PART-04-COL-C","F990-EZ","PART-07","Column (c)","PZ","USAmountNNType","numeric","MANY","F9-P07-TABLE-01-DTK-COMPENSATION",FALSE,"2013v3.0;2013v3.1;2013v4.0;2014v5.0;2014v6.0;2015v2.0;2015v2.1;2015v3.0;2016v3.0",2016,FALSE,TRUE,NA,NA
"/Return/ReturnData/IRS990EZ/OfficerDirectorTrusteeKeyEmpl/Compensation","F9_07_PZ_COMP_DIRECT",20,"Reportable compensation from organization","[OfficerDirectorTrusteeKeyEmpl] Part IV; [Compensation] Part IV - Column (c)","F990-EZ-PART-04-COL-C","F990-EZ","PART-07","Column (c)","PZ","USAmountNNType","numeric","MANY","F9-P07-TABLE-01-DTK-COMPENSATION",FALSE,"2012v2.0;2012v2.1;2012v2.2;2012v2.3;2012v3.0",2012,TRUE,TRUE,NA,NA
"/Return/ReturnData/IRS990/Form990PartVIISectionA/OtherCompensation","F9_07_PZ_COMP_OTHER",19,"Other compensation","[OtherCompensation] Part VII Section A Line 1a F","F990-PC-PART-07-SECTION-A-COL-F","F990-PC","PART-07","Section A Column (f)","PZ","USAmountType","numeric","MANY","F9-P07-TABLE-01-DTK-COMPENSATION",FALSE,"2009v1.0;2009v1.1;2009v1.2;2009v1.3;2009v1.4;2009v1.7;2010v3.2;2010v3.4;2010v3.6;2010v3.7;2011v1.2;2011v1.3;2011v1.4;2011v1.5;2012v2.0;2012v2.1;2012v2.2;2012v2.3;2012v3.0",2012,FALSE,TRUE,NA,NA
"/Return/ReturnData/IRS990/Form990PartVIISectionAGrp/OtherCompensationAmt","F9_07_PZ_COMP_OTHER",19,"Other compensation","[OtherCompensationAmt] Part VII Section A Line 1a F","F990-PC-PART-07-SECTION-A-COL-F","F990-PC","PART-07","Section A Column (f)","PZ","USAmountType","numeric","MANY","F9-P07-TABLE-01-DTK-COMPENSATION",FALSE,"2013v3.0;2013v3.1;2013v4.0;2014v5.0;2014v6.0;2015v2.0;2015v2.1;2015v3.0;2016v3.0",2016,FALSE,TRUE,NA,NA
"/Return/ReturnData/IRS990EZ/Form990PartVIISectionA/OtherCompensation","F9_07_PZ_COMP_OTHER",19,"Other compensation","","F990-EZ-PART-04-COL-E","F990-EZ","PART-07","Column (e)","PZ","","numeric","MANY","F9-P07-TABLE-01-DTK-COMPENSATION",NA,"",NA,NA,NA,NA,NA
"/Return/ReturnData/IRS990EZ/Form990PartVIISectionAGrp/OtherCompensationAmt","F9_07_PZ_COMP_OTHER",19,"Other compensation","","F990-EZ-PART-04-COL-E","F990-EZ","PART-07","Column (e)","PZ","","numeric","MANY","F9-P07-TABLE-01-DTK-COMPENSATION",NA,"",NA,NA,NA,NA,NA
"/Return/ReturnData/IRS990/Form990PartVIISectionA/ReportableCompFromRelatedOrgs","F9_07_PZ_COMP_RELATED",21,"Reportable compensation from related organizations","[ReportableCompFromRelatedOrgs] Part VII Section A Line 1a E","F990-PC-PART-07-SECTION-A-COL-E","F990-PC","PART-07","Section A Column (e)","PZ","USAmountType","numeric","MANY","F9-P07-TABLE-01-DTK-COMPENSATION",FALSE,"2009v1.0;2009v1.1;2009v1.2;2009v1.3;2009v1.4;2009v1.7;2010v3.2;2010v3.4;2010v3.6;2010v3.7;2011v1.2;2011v1.3;2011v1.4;2011v1.5;2012v2.0;2012v2.1;2012v2.2;2012v2.3;2012v3.0",2012,FALSE,TRUE,NA,NA
"/Return/ReturnData/IRS990/Form990PartVIISectionAGrp/ReportableCompFromRltdOrgAmt","F9_07_PZ_COMP_RELATED",21,"Reportable compensation from related organizations","[ReportableCompFromRltdOrgAmt] Part VII Section A Line 1a E","F990-PC-PART-07-SECTION-A-COL-E","F990-PC","PART-07","Section A Column (e)","PZ","USAmountType","numeric","MANY","F9-P07-TABLE-01-DTK-COMPENSATION",FALSE,"2013v3.0;2013v3.1;2013v4.0;2014v5.0;2014v6.0;2015v2.0;2015v2.1;2015v3.0;2016v3.0",2016,FALSE,TRUE,NA,NA
"/Return/ReturnData/IRS990EZ/Form990PartVIISectionA/ReportableCompFromRelatedOrgs","F9_07_PZ_COMP_RELATED",21,"Reportable compensation from related organizations","","F990-EZ-PART-04-COL-C-LINE-2","F990-EZ","PART-07","Column (c)","PZ","","numeric","MANY","F9-P07-TABLE-01-DTK-COMPENSATION",NA,"",NA,NA,NA,NA,NA
"/Return/ReturnData/IRS990EZ/Form990PartVIISectionAGrp/ReportableCompFromRltdOrgAmt","F9_07_PZ_COMP_RELATED",21,"Reportable compensation from related organizations","","F990-EZ-PART-04-COL-C-LINE-2","F990-EZ","PART-07","Column (c)","PZ","","numeric","MANY","F9-P07-TABLE-01-DTK-COMPENSATION",NA,"",NA,NA,NA,NA,NA
"/Return/ReturnData/IRS990/TotalPartVII","F9_07_PZ_COMP_TOTAL_COLS_B_D_E",30,"Total (add line 104; columns (B); (D); and (E))","","F990-PC-PART-07-LINE-105","F990-PC","PART-07","","PC","USAmountType","","","",NA,"",NA,NA,NA,NA,NA
"/Return/ReturnData/IRS990/TotalReportableCompFromOrg","F9_07_PZ_COMP_TOTAL_DIRECT",26,"Total, column D","[TotalReportableCompFromOrg] Part VII Section A Line 1d D","F990-PC-PART-07-SECTION-A-LINE-1d-COL-D","F990-PC","PART-07","Line 1d D","PZ","USAmountType","numeric","ONE","F9-P07-TABLE-00-COMP-OVERVIEW",FALSE,"2010v3.2;2010v3.4;2010v3.6;2010v3.7;2011v1.2;2011v1.3;2011v1.4;2011v1.5;2012v2.0;2012v2.1;2012v2.2;2012v2.3;2012v3.0",2012,TRUE,TRUE,NA,NA
"/Return/ReturnData/IRS990/TotalReportableCompFromOrgAmt","F9_07_PZ_COMP_TOTAL_DIRECT",26,"Total, column D","[TotalReportableCompFromOrgAmt] Part VII Section A Line 1d D","F990-PC-PART-07-SECTION-A-LINE-1d-COL-D","F990-PC","PART-07","Line 1d D","PZ","USAmountType","numeric","ONE","F9-P07-TABLE-00-COMP-OVERVIEW",FALSE,"2013v3.0;2013v3.1;2013v4.0;2014v5.0;2014v6.0;2015v2.0;2015v2.1;2015v3.0;2016v3.0",2016,FALSE,TRUE,NA,NA
"/Return/ReturnData/IRS990/TotalOtherCompensation","F9_07_PZ_COMP_TOTAL_OTHER",25,"Total, column F","[TotalOtherCompensation] Part VII Section A Line 1d F","F990-PC-PART-07-SECTION-A-LINE-1d-COL-F","F990-PC","PART-07","Line 1d F","PZ","USAmountType","numeric","ONE","F9-P07-TABLE-00-COMP-OVERVIEW",FALSE,"2010v3.2;2010v3.4;2010v3.6;2010v3.7;2011v1.2;2011v1.3;2011v1.4;2011v1.5;2012v2.0;2012v2.1;2012v2.2;2012v2.3;2012v3.0",2012,TRUE,TRUE,NA,NA
"/Return/ReturnData/IRS990/TotalOtherCompensationAmt","F9_07_PZ_COMP_TOTAL_OTHER",25,"Total, column F","[TotalOtherCompensationAmt] Part VII Section A Line 1d F","F990-PC-PART-07-SECTION-A-LINE-1d-COL-F","F990-PC","PART-07","Line 1d F","PZ","USAmountType","numeric","ONE","F9-P07-TABLE-00-COMP-OVERVIEW",FALSE,"2013v3.0;2013v3.1;2013v4.0;2014v5.0;2014v6.0;2015v2.0;2015v2.1;2015v3.0;2016v3.0",2016,FALSE,TRUE,NA,NA
"/Return/ReturnData/IRS990/TotalReportableCompFrmRltdOrgs","F9_07_PZ_COMP_TOTAL_RELATED",27,"Total, column E","[TotalReportableCompFrmRltdOrgs] Part VII Section A Line 1d E","F990-PC-PART-07-SECTION-A-LINE-1d-COL-E","F990-PC","PART-07","Line 1d E","PZ","USAmountType","numeric","ONE","F9-P07-TABLE-00-COMP-OVERVIEW",FALSE,"2010v3.2;2010v3.4;2010v3.6;2010v3.7;2011v1.2;2011v1.3;2011v1.4;2011v1.5;2012v2.0;2012v2.1;2012v2.2;2012v2.3;2012v3.0",2012,TRUE,TRUE,NA,NA
"/Return/ReturnData/IRS990/TotReportableCompRltdOrgAmt","F9_07_PZ_COMP_TOTAL_RELATED",27,"Total, column E","[TotReportableCompRltdOrgAmt] Part VII Section A Line 1d E","F990-PC-PART-07-SECTION-A-LINE-1d-COL-E","F990-PC","PART-07","Line 1d E","PZ","USAmountType","numeric","ONE","F9-P07-TABLE-00-COMP-OVERVIEW",FALSE,"2013v3.0;2013v3.1;2013v4.0;2014v5.0;2014v6.0;2015v2.0;2015v2.1;2015v3.0;2016v3.0",2016,FALSE,TRUE,NA,NA
"/Return/ReturnData/IRS990/ContractorCompensation/AddressOfContractor/AddressForeign/AddressLine1","F9_07_PZ_CONTXRS_ADDR_FRGN_L1",29,"Highest compensated independent contractor (top 5 above 100K) foreign address line 1","[ContractorCompensation] Part VII Section B; [AddressForeign] Part VII Section B Line 1(A)","F990-PC-PART-07-SECTION-B-LINE-01-COL-A","F990-PC","PART-07","Section B Column (a)","PZ","StreetAddressType","text","MANY","F9-P07-TABLE-02-CONTXR-COMPENSATION",FALSE,"2009v1.0;2009v1.1;2009v1.2;2009v1.3;2009v1.4;2009v1.7;2010v3.2;2010v3.4;2010v3.6;2010v3.7;2011v1.2;2011v1.3;2011v1.4;2011v1.5;2012v2.0;2012v2.1;2012v2.2;2012v2.3;2012v3.0",2012,FALSE,TRUE,NA,NA
"/Return/ReturnData/IRS990/ContractorCompensationGrp/ContractorAddress/ForeignAddress/AddressLine1","F9_07_PZ_CONTXRS_ADDR_FRGN_L1",29,"Highest compensated independent contractor (top 5 above 100K) foreign address line 1","[ContractorCompensationGrp] Part VII Section B; [ForeignAddress] Part VII Section B Line 1(A)","F990-PC-PART-07-SECTION-B-LINE-01-COL-A","F990-PC","PART-07","Section B Column (a)","PZ","StreetAddressType","text","MANY","F9-P07-TABLE-02-CONTXR-COMPENSATION",FALSE,"2013v3.0;2013v3.1;2013v4.0",2013,FALSE,TRUE,NA,NA
"/Return/ReturnData/IRS990/ContractorCompensationGrp/ContractorAddress/ForeignAddress/AddressLine1Txt","F9_07_PZ_CONTXRS_ADDR_FRGN_L1",29,"Highest compensated independent contractor (top 5 above 100K) foreign address line 1","[ContractorCompensationGrp] Part VII Section B; [ForeignAddress] Part VII Section B Line 1(A)","F990-PC-PART-07-SECTION-B-LINE-01-COL-A","F990-PC","PART-07","Section B Column (a)","PZ","StreetAddressType","text","MANY","F9-P07-TABLE-02-CONTXR-COMPENSATION",FALSE,"2014v5.0;2014v6.0;2015v2.0;2015v2.1;2015v3.0;2016v3.0",2016,FALSE,TRUE,NA,NA
"/Return/ReturnData/IRS990/Form990PartVIISectionB/ContractorCompensation/AddressOfContractor/AddressForeign/AddressLine1","F9_07_PZ_CONTXRS_ADDR_FRGN_L1",29,"Address Foreign - AddressLine1","","F990-PC-PART-07-SECTION-B-LINE-01-COL-A","F990-PC","PART-07","Section B Column (a)","PC","","text","MANY","F9-P07-TABLE-02-CONTXR-COMPENSATION",NA,"",NA,NA,NA,NA,NA
"/Return/ReturnData/IRS990EZ/CompOfHghstPaidCntrctProfSer/AddressForeign/AddressLine1","F9_07_PZ_CONTXRS_ADDR_FRGN_L1",NA,"Highest compensated independent contractor (top 5 above 100K) foreign address line 1","[CompOfHghstPaidCntrctProfSer] Part VI Line 51; [AddressForeign] Part VI Line 51 Column (a)","F990-EZ-PART-06-LINE-51-COL-A","F990-EZ","PART-07","Line 51; Line 51 Column (a)","PZ","StreetAddressType","text","MANY","F9-P07-TABLE-02-CONTXR-COMPENSATION",FALSE,"2009v1.0;2009v1.1;2009v1.2;2009v1.3;2009v1.4;2009v1.7;2010v3.2;2010v3.4;2010v3.6;2010v3.7;2011v1.2;2011v1.3;2011v1.4;2011v1.5;2012v2.0;2012v2.1;2012v2.2;2012v2.3;2012v3.0",2012,FALSE,TRUE,NA,NA
"/Return/ReturnData/IRS990/ContractorCompensation/AddressOfContractor/AddressForeign/AddressLine2","F9_07_PZ_CONTXRS_ADDR_FRGN_L2",29,"Highest compensated independent contractor (top 5 above 100K) foreign address line 2","[ContractorCompensation] Part VII Section B; [AddressForeign] Part VII Section B Line 1(A)","F990-PC-PART-07-SECTION-B-LINE-01-COL-A","F990-PC","PART-07","Section B Column (a)","PC","StreetAddressType","text","MANY","F9-P07-TABLE-02-CONTXR-COMPENSATION",FALSE,"2009v1.0;2009v1.1;2009v1.2;2009v1.3;2009v1.4;2009v1.7;2010v3.2;2010v3.4;2010v3.6;2010v3.7;2011v1.2;2011v1.3;2011v1.4;2011v1.5;2012v2.0;2012v2.1;2012v2.2;2012v2.3;2012v3.0",2012,FALSE,TRUE,NA,NA
"/Return/ReturnData/IRS990/ContractorCompensationGrp/ContractorAddress/ForeignAddress/AddressLine2","F9_07_PZ_CONTXRS_ADDR_FRGN_L2",29,"Highest compensated independent contractor (top 5 above 100K) foreign address line 2","[ContractorCompensationGrp] Part VII Section B; [ForeignAddress] Part VII Section B Line 1(A)","F990-PC-PART-07-SECTION-B-LINE-01-COL-A","F990-PC","PART-07","Section B Column (a)","PC","StreetAddressType","text","MANY","F9-P07-TABLE-02-CONTXR-COMPENSATION",FALSE,"2013v3.0;2013v3.1;2013v4.0",2013,FALSE,TRUE,NA,NA
"/Return/ReturnData/IRS990/ContractorCompensationGrp/ContractorAddress/ForeignAddress/AddressLine2Txt","F9_07_PZ_CONTXRS_ADDR_FRGN_L2",29,"Highest compensated independent contractor (top 5 above 100K) foreign address line 2","[ContractorCompensationGrp] Part VII Section B; [ForeignAddress] Part VII Section B Line 1(A)","F990-PC-PART-07-SECTION-B-LINE-01-COL-A","F990-PC","PART-07","Section B Column (a)","PC","StreetAddressType","text","MANY","F9-P07-TABLE-02-CONTXR-COMPENSATION",FALSE,"2014v5.0;2014v6.0;2015v2.0;2015v2.1;2015v3.0;2016v3.0",2016,FALSE,TRUE,NA,NA
"/Return/ReturnData/IRS990/Form990PartVIISectionB/ContractorCompensation/AddressOfContractor/AddressForeign/AddressLine2","F9_07_PZ_CONTXRS_ADDR_FRGN_L2",29,"Address Foreign - AddressLine2","","F990-PC-PART-07-SECTION-B-LINE-01-COL-A","F990-PC","PART-07","Section B Column (a)","PC","","text","MANY","F9-P07-TABLE-02-CONTXR-COMPENSATION",NA,"",NA,NA,NA,NA,NA
"/Return/ReturnData/IRS990/ContractorCompensation/AddressOfContractor/AddressUS/AddressLine1","F9_07_PZ_CONTXRS_ADDR_US_L1",27,"Highest compensated independent contractor (top 5 above 100K) US address line 1","[ContractorCompensation] Part VII Section B; [AddressUS] Part VII Section B Line 1(A)","F990-PC-PART-07-SECTION-B-LINE-01-COL-A","F990-PC","PART-07","Section B Column (a)","PZ","StreetAddressType","text","MANY","F9-P07-TABLE-02-CONTXR-COMPENSATION",FALSE,"2009v1.0;2009v1.1;2009v1.2;2009v1.3;2009v1.4;2009v1.7;2010v3.2;2010v3.4;2010v3.6;2010v3.7;2011v1.2;2011v1.3;2011v1.4;2011v1.5;2012v2.0;2012v2.1;2012v2.2;2012v2.3;2012v3.0",2012,FALSE,TRUE,NA,NA
"/Return/ReturnData/IRS990/ContractorCompensationGrp/ContractorAddress/USAddress/AddressLine1","F9_07_PZ_CONTXRS_ADDR_US_L1",27,"Highest compensated independent contractor (top 5 above 100K) US address line 1","[ContractorCompensationGrp] Part VII Section B; [USAddress] Part VII Section B Line 1(A)","F990-PC-PART-07-SECTION-B-LINE-01-COL-A","F990-PC","PART-07","Section B Column (a)","PZ","StreetAddressType","text","MANY","F9-P07-TABLE-02-CONTXR-COMPENSATION",FALSE,"2013v3.0;2013v3.1;2013v4.0",2013,FALSE,TRUE,NA,NA
"/Return/ReturnData/IRS990/ContractorCompensationGrp/ContractorAddress/USAddress/AddressLine1Txt","F9_07_PZ_CONTXRS_ADDR_US_L1",27,"Highest compensated independent contractor (top 5 above 100K) US address line 1","[ContractorCompensationGrp] Part VII Section B; [USAddress] Part VII Section B Line 1(A)","F990-PC-PART-07-SECTION-B-LINE-01-COL-A","F990-PC","PART-07","Section B Column (a)","PZ","StreetAddressType","text","MANY","F9-P07-TABLE-02-CONTXR-COMPENSATION",FALSE,"2014v5.0;2014v6.0;2015v2.0;2015v2.1;2015v3.0;2016v3.0",2016,FALSE,TRUE,NA,NA
"/Return/ReturnData/IRS990/Form990PartVIISectionB/ContractorCompensation/AddressOfContractor/AddressUS/AddressLine1","F9_07_PZ_CONTXRS_ADDR_US_L1",27,"Address US - AddressLine1","","F990-PC-PART-07-SECTION-B-LINE-01-COL-A","F990-PC","PART-07","Section B Column (a)","PC","","text","MANY","F9-P07-TABLE-02-CONTXR-COMPENSATION",NA,"",NA,NA,NA,NA,NA
"/Return/ReturnData/IRS990EZ/CompensationOfHghstPdCntrctGrp/USAddress/AddressLine1","F9_07_PZ_CONTXRS_ADDR_US_L1",NA,"Highest compensated independent contractor (top 5 above 100K) US address line 1","[CompensationOfHghstPdCntrctGrp] Part VI Line 51; [USAddress] Part VI Line 51 Column (a)","F990-EZ-PART-06-LINE-51-COL-A","F990-EZ","PART-07","Line 51; Line 51 Column (a)","PZ","StreetAddressType","text","MANY","F9-P07-TABLE-02-CONTXR-COMPENSATION",FALSE,"2013v3.0;2013v3.1;2013v4.0",2013,FALSE,TRUE,NA,NA
"/Return/ReturnData/IRS990EZ/CompOfHghstPaidCntrctProfSer/AddressUS/AddressLine1","F9_07_PZ_CONTXRS_ADDR_US_L1",NA,"Highest compensated independent contractor (top 5 above 100K) US address line 1","[CompOfHghstPaidCntrctProfSer] Part VI Line 51; [AddressUS] Part VI Line 51 Column (a)","F990-EZ-PART-06-LINE-51-COL-A","F990-EZ","PART-07","Line 51; Line 51 Column (a)","PZ","StreetAddressType","text","MANY","F9-P07-TABLE-02-CONTXR-COMPENSATION",FALSE,"2009v1.0;2009v1.1;2009v1.2;2009v1.3;2009v1.4;2009v1.7;2010v3.2;2010v3.4;2010v3.6;2010v3.7;2011v1.2;2011v1.3;2011v1.4;2011v1.5;2012v2.0;2012v2.1;2012v2.2;2012v2.3;2012v3.0",2012,FALSE,TRUE,NA,NA
"/Return/ReturnData/IRS990/ContractorCompensation/AddressOfContractor/AddressUS/AddressLine2","F9_07_PZ_CONTXRS_ADDR_US_L2",27,"Highest compensated independent contractor (top 5 above 100K) US address line 2","[ContractorCompensation] Part VII Section B; [AddressUS] Part VII Section B Line 1(A)","F990-PC-PART-07-SECTION-B-LINE-01-COL-A","F990-PC","PART-07","Section B Column (a)","PZ","StreetAddressType","text","MANY","F9-P07-TABLE-02-CONTXR-COMPENSATION",FALSE,"2009v1.0;2009v1.1;2009v1.2;2009v1.3;2009v1.4;2009v1.7;2010v3.2;2010v3.4;2010v3.6;2010v3.7;2011v1.2;2011v1.3;2011v1.4;2011v1.5;2012v2.0;2012v2.1;2012v2.2;2012v2.3;2012v3.0",2012,FALSE,TRUE,NA,NA
"/Return/ReturnData/IRS990/ContractorCompensationGrp/ContractorAddress/USAddress/AddressLine2","F9_07_PZ_CONTXRS_ADDR_US_L2",27,"Highest compensated independent contractor (top 5 above 100K) US address line 2","[ContractorCompensationGrp] Part VII Section B; [USAddress] Part VII Section B Line 1(A)","F990-PC-PART-07-SECTION-B-LINE-01-COL-A","F990-PC","PART-07","Section B Column (a)","PZ","StreetAddressType","text","MANY","F9-P07-TABLE-02-CONTXR-COMPENSATION",FALSE,"2013v3.0;2013v3.1;2013v4.0",2013,FALSE,TRUE,NA,NA
"/Return/ReturnData/IRS990/ContractorCompensationGrp/ContractorAddress/USAddress/AddressLine2Txt","F9_07_PZ_CONTXRS_ADDR_US_L2",27,"Highest compensated independent contractor (top 5 above 100K) US address line 2","[ContractorCompensationGrp] Part VII Section B; [USAddress] Part VII Section B Line 1(A)","F990-PC-PART-07-SECTION-B-LINE-01-COL-A","F990-PC","PART-07","Section B Column (a)","PZ","StreetAddressType","text","MANY","F9-P07-TABLE-02-CONTXR-COMPENSATION",FALSE,"2014v5.0;2014v6.0;2015v2.0;2015v2.1;2015v3.0;2016v3.0",2016,FALSE,TRUE,NA,NA
"/Return/ReturnData/IRS990/Form990PartVIISectionB/ContractorCompensation/AddressOfContractor/AddressUS/AddressLine2","F9_07_PZ_CONTXRS_ADDR_US_L2",27,"Address US - AddressLine2","","F990-PC-PART-07-SECTION-B-LINE-01-COL-A","F990-PC","PART-07","Section B Column (a)","PC","","text","MANY","F9-P07-TABLE-02-CONTXR-COMPENSATION",NA,"",NA,NA,NA,NA,NA
"/Return/ReturnData/IRS990EZ/CompensationOfHghstPdCntrctGrp/USAddress/AddressLine1Txt","F9_07_PZ_CONTXRS_ADDR_US_L2",NA,"Highest compensated independent contractor (top 5 above 100K) US address line 1","[CompensationOfHghstPdCntrctGrp] Part VI Line 51; [USAddress] Part VI Line 51 Column (a)","F990-EZ-PART-06-LINE-51-COL-A","F990-EZ","PART-07","Line 51; Line 51 Column (a)","PZ","StreetAddressType","text","MANY","F9-P07-TABLE-02-CONTXR-COMPENSATION",FALSE,"2014v5.0;2014v6.0;2015v2.0;2015v2.1;2015v3.0;2016v3.0",2016,FALSE,TRUE,NA,NA
"/Return/ReturnData/IRS990EZ/CompOfHghstPaidCntrctProfSer/AddressUS/AddressLine2","F9_07_PZ_CONTXRS_ADDR_US_L2",NA,"Highest compensated independent contractor (top 5 above 100K) US address line 2","[CompOfHghstPaidCntrctProfSer] Part VI Line 51; [AddressUS] Part VI Line 51 Column (a)","F990-EZ-PART-06-LINE-51-COL-A","F990-EZ","PART-07","Line 51; Line 51 Column (a)","PZ","StreetAddressType","text","MANY","F9-P07-TABLE-02-CONTXR-COMPENSATION",FALSE,"2009v1.0;2009v1.1;2009v1.2;2009v1.3;2009v1.4;2009v1.7;2010v3.2;2010v3.4;2010v3.6;2010v3.7;2011v1.2;2011v1.3;2011v1.4;2011v1.5;2012v2.0;2012v2.1;2012v2.2;2012v2.3;2012v3.0",2012,FALSE,TRUE,NA,NA
"/Return/ReturnData/IRS990/ContractorCompensation/NameOfContractor/NameBusiness/BusinessNameLine1","F9_07_PZ_CONTXRS_BIZ_NAME_L1",28,"Highest compensated independent contractor (top 5 above 100K) business name line 1","[ContractorCompensation] Part VII Section B; [NameBusiness] Part VII Section B Line 1(A)","F990-PC-PART-07-SECTION-B-LINE-01-COL-A","F990-PC","PART-07","Section B Column (a)","PZ","BusinessNameLine1Type","text","MANY","F9-P07-TABLE-02-CONTXR-COMPENSATION",FALSE,"2009v1.0;2009v1.1;2009v1.2;2009v1.3;2009v1.4;2009v1.7;2010v3.2;2010v3.4;2010v3.6;2010v3.7;2011v1.2;2011v1.3;2011v1.4;2011v1.5;2012v2.0;2012v2.1;2012v2.2;2012v2.3;2012v3.0",2012,FALSE,TRUE,NA,NA
"/Return/ReturnData/IRS990/ContractorCompensationGrp/ContractorName/BusinessName/BusinessNameLine1","F9_07_PZ_CONTXRS_BIZ_NAME_L1",28,"Highest compensated independent contractor (top 5 above 100K) business name line 1","[ContractorCompensationGrp] Part VII Section B; [BusinessName] Part VII Section B Line 1(A)","F990-PC-PART-07-SECTION-B-LINE-01-COL-A","F990-PC","PART-07","Section B Column (a)","PZ","BusinessNameLine1Type","text","MANY","F9-P07-TABLE-02-CONTXR-COMPENSATION",FALSE,"2013v3.0;2013v3.1;2013v4.0",2013,FALSE,TRUE,NA,NA
"/Return/ReturnData/IRS990/ContractorCompensationGrp/ContractorName/BusinessName/BusinessNameLine1Txt","F9_07_PZ_CONTXRS_BIZ_NAME_L1",28,"Highest compensated independent contractor (top 5 above 100K) business name line 1","[ContractorCompensationGrp] Part VII Section B; [BusinessName] Part VII Section B Line 1(A)","F990-PC-PART-07-SECTION-B-LINE-01-COL-A","F990-PC","PART-07","Section B Column (a)","PZ","BusinessNameLine1Type","text","MANY","F9-P07-TABLE-02-CONTXR-COMPENSATION",FALSE,"2014v5.0;2014v6.0;2015v2.0;2015v2.1;2015v3.0;2016v3.0",2016,FALSE,TRUE,NA,NA
"/Return/ReturnData/IRS990/Form990PartVIISectionB/ContractorCompensation/NameOfContractor/NameBusiness/BusinessNameLine1","F9_07_PZ_CONTXRS_BIZ_NAME_L1",28,"Name Business - BusinessNameLine1","","F990-PC-PART-07-SECTION-B-LINE-01-COL-A","F990-PC","PART-07","Section B Column (a)","PC","","text","MANY","F9-P07-TABLE-02-CONTXR-COMPENSATION",NA,"",NA,NA,NA,NA,NA
"/Return/ReturnData/IRS990EZ/CompensationOfHghstPdCntrctGrp/BusinessName/BusinessNameLine1","F9_07_PZ_CONTXRS_BIZ_NAME_L1",NA,"Highest compensated independent contractor (top 5 above 100K) business name line 1","","F990-EZ-PART-06-LINE-51-COL-A","F990-EZ","PART-07","Line 51; Line 51 Column (a)","PZ","BusinessNameLine1Type","text","MANY","F9-P07-TABLE-02-CONTXR-COMPENSATION",FALSE,"",NA,NA,NA,NA,NA
"/Return/ReturnData/IRS990EZ/CompensationOfHghstPdCntrctGrp/BusinessName/BusinessNameLine1Txt","F9_07_PZ_CONTXRS_BIZ_NAME_L1",NA,"Highest compensated independent contractor (top 5 above 100K) business name line 1","","F990-EZ-PART-06-LINE-51-COL-A","F990-EZ","PART-07","Line 51; Line 51 Column (a)","PZ","BusinessNameLine1Type","text","MANY","F9-P07-TABLE-02-CONTXR-COMPENSATION",FALSE,"",NA,NA,NA,NA,NA
"/Return/ReturnData/IRS990EZ/CompOfHghstPaidCntrctProfSer/NameBusiness/BusinessNameLine1","F9_07_PZ_CONTXRS_BIZ_NAME_L1",NA,"Highest compensated independent contractor (top 5 above 100K) business name line 1","","F990-EZ-PART-06-LINE-51-COL-A","F990-EZ","PART-07","Line 51; Line 51 Column (a)","PZ","BusinessNameLine1Type","text","MANY","F9-P07-TABLE-02-CONTXR-COMPENSATION",FALSE,"",NA,NA,NA,NA,NA
"/Return/ReturnData/IRS990/ContractorCompensation/NameOfContractor/NameBusiness/BusinessNameLine2","F9_07_PZ_CONTXRS_BIZ_NAME_L2",28,"Highest compensated independent contractor (top 5 above 100K) business name line 2","[ContractorCompensation] Part VII Section B; [NameBusiness] Part VII Section B Line 1(A)","F990-PC-PART-07-SECTION-B-LINE-01-COL-A","F990-PC","PART-07","Section B Column (a)","PZ","BusinessNameLine2Type","text","MANY","F9-P07-TABLE-02-CONTXR-COMPENSATION",FALSE,"2009v1.0;2009v1.1;2009v1.2;2009v1.3;2009v1.4;2009v1.7;2010v3.2;2010v3.4;2010v3.6;2010v3.7;2011v1.2;2011v1.3;2011v1.4;2011v1.5;2012v2.0;2012v2.1;2012v2.2;2012v2.3;2012v3.0",2012,FALSE,TRUE,NA,NA
"/Return/ReturnData/IRS990/ContractorCompensationGrp/ContractorName/BusinessName/BusinessNameLine2","F9_07_PZ_CONTXRS_BIZ_NAME_L2",28,"Highest compensated independent contractor (top 5 above 100K) business name line 2","[ContractorCompensationGrp] Part VII Section B; [BusinessName] Part VII Section B Line 1(A)","F990-PC-PART-07-SECTION-B-LINE-01-COL-A","F990-PC","PART-07","Section B Column (a)","PZ","BusinessNameLine2Type","text","MANY","F9-P07-TABLE-02-CONTXR-COMPENSATION",FALSE,"2013v3.0;2013v3.1;2013v4.0",2013,FALSE,TRUE,NA,NA
"/Return/ReturnData/IRS990/ContractorCompensationGrp/ContractorName/BusinessName/BusinessNameLine2Txt","F9_07_PZ_CONTXRS_BIZ_NAME_L2",28,"Highest compensated independent contractor (top 5 above 100K) business name line 2","[ContractorCompensationGrp] Part VII Section B; [BusinessName] Part VII Section B Line 1(A)","F990-PC-PART-07-SECTION-B-LINE-01-COL-A","F990-PC","PART-07","Section B Column (a)","PZ","BusinessNameLine2Type","text","MANY","F9-P07-TABLE-02-CONTXR-COMPENSATION",FALSE,"2014v5.0;2014v6.0;2015v2.0;2015v2.1;2015v3.0;2016v3.0",2016,FALSE,TRUE,NA,NA
"/Return/ReturnData/IRS990/Form990PartVIISectionB/ContractorCompensation/NameOfContractor/NameBusiness/BusinessNameLine2","F9_07_PZ_CONTXRS_BIZ_NAME_L2",28,"Name Business - BusinessNameLine2","","F990-PC-PART-07-SECTION-B-LINE-01-COL-A","F990-PC","PART-07","Section B Column (a)","PC","","text","MANY","F9-P07-TABLE-02-CONTXR-COMPENSATION",NA,"",NA,NA,NA,NA,NA
"/Return/ReturnData/IRS990EZ/CompOfHghstPaidCntrctProfSer/NameBusiness/BusinessNameLine2","F9_07_PZ_CONTXRS_BIZ_NAME_L2",NA,"Highest compensated independent contractor (top 5 above 100K) business name line 2","","F990-EZ-PART-06-LINE-51-COL-A","F990-EZ","PART-07","Line 51; Line 51 Column (a)","PZ","BusinessNameLine2Type","text","MANY","F9-P07-TABLE-02-CONTXR-COMPENSATION",FALSE,"",NA,NA,NA,NA,NA
"/Return/ReturnData/IRS990/ContractorCompensation/AddressOfContractor/AddressForeign/City","F9_07_PZ_CONTXRS_CITY_FRGN",26,"Highest compensated independent contractor (top 5 above 100K) foreign address city","[ContractorCompensation] Part VII Section B; [AddressForeign] Part VII Section B Line 1(A)","F990-PC-PART-07-SECTION-B-LINE-01-COL-A","F990-PC","PART-07","Section B Column (a)","PZ","TextType","text","MANY","F9-P07-TABLE-02-CONTXR-COMPENSATION",FALSE,"2009v1.0;2009v1.1;2009v1.2;2009v1.3;2009v1.4;2009v1.7;2010v3.2;2010v3.4;2010v3.6;2010v3.7;2011v1.2;2011v1.3;2011v1.4;2011v1.5;2012v2.0;2012v2.1;2012v2.2;2012v2.3;2012v3.0",2012,FALSE,TRUE,NA,NA
"/Return/ReturnData/IRS990/ContractorCompensationGrp/ContractorAddress/ForeignAddress/City","F9_07_PZ_CONTXRS_CITY_FRGN",26,"Highest compensated independent contractor (top 5 above 100K) foreign address city","[ContractorCompensationGrp] Part VII Section B; [ForeignAddress] Part VII Section B Line 1(A)","F990-PC-PART-07-SECTION-B-LINE-01-COL-A","F990-PC","PART-07","Section B Column (a)","PZ","TextType","text","MANY","F9-P07-TABLE-02-CONTXR-COMPENSATION",FALSE,"2013v3.0;2013v3.1;2013v4.0",2013,FALSE,TRUE,NA,NA
"/Return/ReturnData/IRS990/ContractorCompensationGrp/ContractorAddress/ForeignAddress/CityNm","F9_07_PZ_CONTXRS_CITY_FRGN",26,"Highest compensated independent contractor (top 5 above 100K) foreign address city","[ContractorCompensationGrp] Part VII Section B; [ForeignAddress] Part VII Section B Line 1(A)","F990-PC-PART-07-SECTION-B-LINE-01-COL-A","F990-PC","PART-07","Section B Column (a)","PZ","TextType","text","MANY","F9-P07-TABLE-02-CONTXR-COMPENSATION",FALSE,"2014v5.0;2014v6.0;2015v2.0;2015v2.1;2015v3.0;2016v3.0",2016,FALSE,TRUE,NA,NA
"/Return/ReturnData/IRS990/Form990PartVIISectionB/ContractorCompensation/AddressOfContractor/AddressForeign/City","F9_07_PZ_CONTXRS_CITY_FRGN",26,"Address Foreign - City","","F990-PC-PART-07-SECTION-B-LINE-01-COL-A","F990-PC","PART-07","Section B Column (a)","PC","","text","MANY","F9-P07-TABLE-02-CONTXR-COMPENSATION",NA,"",NA,NA,NA,NA,NA
"/Return/ReturnData/IRS990EZ/CompOfHghstPaidCntrctProfSer/AddressForeign/City","F9_07_PZ_CONTXRS_CITY_FRGN",NA,"Highest compensated independent contractor (top 5 above 100K) foreign address city","[CompOfHghstPaidCntrctProfSer] Part VI Line 51; [AddressForeign] Part VI Line 51 Column (a)","F990-EZ-PART-06-LINE-51-COL-A","F990-EZ","PART-07","Line 51; Line 51 Column (a)","PZ","TextType","text","MANY","F9-P07-TABLE-02-CONTXR-COMPENSATION",FALSE,"2009v1.0;2009v1.1;2009v1.2;2009v1.3;2009v1.4;2009v1.7;2010v3.2;2010v3.4;2010v3.6;2010v3.7;2011v1.2;2011v1.3;2011v1.4;2011v1.5;2012v2.0;2012v2.1;2012v2.2;2012v2.3;2012v3.0",2012,FALSE,TRUE,NA,NA
"/Return/ReturnData/IRS990/ContractorCompensation/AddressOfContractor/AddressUS/City","F9_07_PZ_CONTXRS_CITY_US",24,"Highest compensated independent contractor (top 5 above 100K) US address city","[ContractorCompensation] Part VII Section B; [AddressUS] Part VII Section B Line 1(A)","F990-PC-PART-07-SECTION-B-LINE-01-COL-A","F990-PC","PART-07","Section B Column (a)","PZ","CityType","text","MANY","F9-P07-TABLE-02-CONTXR-COMPENSATION",FALSE,"2009v1.0;2009v1.1;2009v1.2;2009v1.3;2009v1.4;2009v1.7;2010v3.2;2010v3.4;2010v3.6;2010v3.7;2011v1.2;2011v1.3;2011v1.4;2011v1.5;2012v2.0;2012v2.1;2012v2.2;2012v2.3;2012v3.0",2012,FALSE,TRUE,NA,NA
"/Return/ReturnData/IRS990/ContractorCompensationGrp/ContractorAddress/USAddress/City","F9_07_PZ_CONTXRS_CITY_US",24,"Highest compensated independent contractor (top 5 above 100K) US address city","[ContractorCompensationGrp] Part VII Section B; [USAddress] Part VII Section B Line 1(A)","F990-PC-PART-07-SECTION-B-LINE-01-COL-A","F990-PC","PART-07","Section B Column (a)","PZ","CityType","text","MANY","F9-P07-TABLE-02-CONTXR-COMPENSATION",FALSE,"2013v3.0;2013v3.1;2013v4.0",2013,FALSE,TRUE,NA,NA
"/Return/ReturnData/IRS990/ContractorCompensationGrp/ContractorAddress/USAddress/CityNm","F9_07_PZ_CONTXRS_CITY_US",24,"Highest compensated independent contractor (top 5 above 100K) US address city","[ContractorCompensationGrp] Part VII Section B; [USAddress] Part VII Section B Line 1(A)","F990-PC-PART-07-SECTION-B-LINE-01-COL-A","F990-PC","PART-07","Section B Column (a)","PZ","CityType","text","MANY","F9-P07-TABLE-02-CONTXR-COMPENSATION",FALSE,"2014v5.0;2014v6.0;2015v2.0;2015v2.1;2015v3.0;2016v3.0",2016,FALSE,TRUE,NA,NA
"/Return/ReturnData/IRS990/Form990PartVIISectionB/ContractorCompensation/AddressOfContractor/AddressUS/City","F9_07_PZ_CONTXRS_CITY_US",24,"Address US - City","","F990-PC-PART-07-SECTION-B-LINE-01-COL-A","F990-PC","PART-07","Section B Column (a)","PC","","text","MANY","F9-P07-TABLE-02-CONTXR-COMPENSATION",NA,"",NA,NA,NA,NA,NA
"/Return/ReturnData/IRS990EZ/CompensationOfHghstPdCntrctGrp/USAddress/City","F9_07_PZ_CONTXRS_CITY_US",NA,"Highest compensated independent contractor (top 5 above 100K) US address city","[CompensationOfHghstPdCntrctGrp] Part VI Line 51; [USAddress] Part VI Line 51 Column (a)","F990-EZ-PART-06-LINE-51-COL-A","F990-EZ","PART-07","Line 51; Line 51 Column (a)","PZ","CityType","text","MANY","F9-P07-TABLE-02-CONTXR-COMPENSATION",FALSE,"2013v3.0;2013v3.1;2013v4.0",2013,FALSE,TRUE,NA,NA
"/Return/ReturnData/IRS990EZ/CompensationOfHghstPdCntrctGrp/USAddress/CityNm","F9_07_PZ_CONTXRS_CITY_US",NA,"Highest compensated independent contractor (top 5 above 100K) US address city","[CompensationOfHghstPdCntrctGrp] Part VI Line 51; [USAddress] Part VI Line 51 Column (a)","F990-EZ-PART-06-LINE-51-COL-A","F990-EZ","PART-07","Line 51; Line 51 Column (a)","PZ","CityType","text","MANY","F9-P07-TABLE-02-CONTXR-COMPENSATION",FALSE,"2014v5.0;2014v6.0;2015v2.0;2015v2.1;2015v3.0;2016v3.0",2016,FALSE,TRUE,NA,NA
"/Return/ReturnData/IRS990EZ/CompOfHghstPaidCntrctProfSer/AddressUS/City","F9_07_PZ_CONTXRS_CITY_US",NA,"Highest compensated independent contractor (top 5 above 100K) US address city","[CompOfHghstPaidCntrctProfSer] Part VI Line 51; [AddressUS] Part VI Line 51 Column (a)","F990-EZ-PART-06-LINE-51-COL-A","F990-EZ","PART-07","Line 51; Line 51 Column (a)","PZ","CityType","text","MANY","F9-P07-TABLE-02-CONTXR-COMPENSATION",FALSE,"2009v1.0;2009v1.1;2009v1.2;2009v1.3;2009v1.4;2009v1.7;2010v3.2;2010v3.4;2010v3.6;2010v3.7;2011v1.2;2011v1.3;2011v1.4;2011v1.5;2012v2.0;2012v2.1;2012v2.2;2012v2.3;2012v3.0",2012,FALSE,TRUE,NA,NA
"/Return/ReturnData/IRS990/ContractorCompensation/Compensation","F9_07_PZ_CONTXRS_COMP",21,"Highest compensated independent contractor (top 5 above 100K) compensation","[ContractorCompensation] Part VII Section B; [Compensation] Part VII Section B Line 1(C)","F990-PC-PART-07-SECTION-B-LINE-01-COL-C","F990-PC","PART-07","Section B Column (c)","PZ","USAmountType","numeric","MANY","F9-P07-TABLE-02-CONTXR-COMPENSATION",FALSE,"2009v1.0;2009v1.1;2009v1.2;2009v1.3;2009v1.4;2009v1.7;2010v3.2;2010v3.4;2010v3.6;2010v3.7;2011v1.2;2011v1.3;2011v1.4;2011v1.5;2012v2.0;2012v2.1;2012v2.2;2012v2.3;2012v3.0",2012,FALSE,TRUE,NA,NA
"/Return/ReturnData/IRS990/ContractorCompensationGrp/CompensationAmt","F9_07_PZ_CONTXRS_COMP",21,"Highest compensated independent contractor (top 5 above 100K) compensation","[ContractorCompensationGrp] Part VII Section B; [CompensationAmt] Part VII Section B Line 1(C)","F990-PC-PART-07-SECTION-B-LINE-01-COL-C","F990-PC","PART-07","Section B Column (c)","PZ","USAmountType","numeric","MANY","F9-P07-TABLE-02-CONTXR-COMPENSATION",FALSE,"2013v3.0;2013v3.1;2013v4.0;2014v5.0;2014v6.0;2015v2.0;2015v2.1;2015v3.0;2016v3.0",2016,FALSE,TRUE,NA,NA
"/Return/ReturnData/IRS990/Form990PartVIISectionB/ContractorCompensation/Compensation","F9_07_PZ_CONTXRS_COMP",21,"Contractor Compensation - Compensation","","F990-PC-PART-07-SECTION-B-LINE-01-COL-C","F990-PC","PART-07","Section B Column (c)","PC","","numeric","MANY","F9-P07-TABLE-02-CONTXR-COMPENSATION",NA,"",NA,NA,NA,NA,NA
"/Return/ReturnData/IRS990EZ/CompensationOfHghstPdCntrctGrp/CompensationAmt","F9_07_PZ_CONTXRS_COMP",NA,"Highest compensated independent contractor (top 5 above 100K) compensation","[CompensationOfHghstPdCntrctGrp] Part VI Line 51; [CompensationAmt] Part VI Line 51 Column (c)","F990-EZ-PART-06-LINE-51-COL-C","F990-EZ","PART-07","Line 51; Line 51 Column (c)","PZ","USAmountNNType","numeric","MANY","F9-P07-TABLE-02-CONTXR-COMPENSATION",FALSE,"2013v3.0;2013v3.1;2013v4.0;2014v5.0;2014v6.0;2015v2.0;2015v2.1;2015v3.0;2016v3.0",2016,FALSE,TRUE,NA,NA
"/Return/ReturnData/IRS990EZ/CompOfHghstPaidCntrctProfSer/Compensation","F9_07_PZ_CONTXRS_COMP",NA,"Highest compensated independent contractor (top 5 above 100K) compensation","[CompOfHghstPaidCntrctProfSer] Part VI Line 51; [Compensation] Part VI Line 51 Column (c)","F990-EZ-PART-06-LINE-51-COL-C","F990-EZ","PART-07","Line 51; Line 51 Column (c)","PZ","USAmountNNType","numeric","MANY","F9-P07-TABLE-02-CONTXR-COMPENSATION",FALSE,"2009v1.0;2009v1.1;2009v1.2;2009v1.3;2009v1.4;2009v1.7;2010v3.2;2010v3.4;2010v3.6;2010v3.7;2011v1.2;2011v1.3;2011v1.4;2011v1.5;2012v2.0;2012v2.1;2012v2.2;2012v2.3;2012v3.0",2012,FALSE,TRUE,NA,NA
"/Return/ReturnData/IRS990/ContractorCompensation/AddressOfContractor/AddressForeign/Country","F9_07_PZ_CONTXRS_COUNTRY_FRGN",29,"Highest compensated independent contractor (top 5 above 100K) foreign address country","[ContractorCompensation] Part VII Section B; [AddressForeign] Part VII Section B Line 1(A)","F990-PC-PART-07-SECTION-B-LINE-01-COL-A","F990-PC","PART-07","Section B Column (a)","PZ","CountryType","text","MANY","F9-P07-TABLE-02-CONTXR-COMPENSATION",FALSE,"2009v1.0;2009v1.1;2009v1.2;2009v1.3;2009v1.4;2009v1.7;2010v3.2;2010v3.4;2010v3.6;2010v3.7;2011v1.2;2011v1.3;2011v1.4;2011v1.5;2012v2.0;2012v2.1;2012v2.2;2012v2.3;2012v3.0",2012,FALSE,TRUE,NA,NA
"/Return/ReturnData/IRS990/ContractorCompensationGrp/ContractorAddress/ForeignAddress/Country","F9_07_PZ_CONTXRS_COUNTRY_FRGN",29,"Highest compensated independent contractor (top 5 above 100K) foreign address country","[ContractorCompensationGrp] Part VII Section B; [ForeignAddress] Part VII Section B Line 1(A)","F990-PC-PART-07-SECTION-B-LINE-01-COL-A","F990-PC","PART-07","Section B Column (a)","PZ","CountryType","text","MANY","F9-P07-TABLE-02-CONTXR-COMPENSATION",FALSE,"2013v3.0;2013v3.1;2013v4.0",2013,FALSE,TRUE,NA,NA
"/Return/ReturnData/IRS990/ContractorCompensationGrp/ContractorAddress/ForeignAddress/CountryCd","F9_07_PZ_CONTXRS_COUNTRY_FRGN",29,"Highest compensated independent contractor (top 5 above 100K) foreign address country","[ContractorCompensationGrp] Part VII Section B; [ForeignAddress] Part VII Section B Line 1(A)","F990-PC-PART-07-SECTION-B-LINE-01-COL-A","F990-PC","PART-07","Section B Column (a)","PZ","CountryType","text","MANY","F9-P07-TABLE-02-CONTXR-COMPENSATION",FALSE,"2014v5.0;2014v6.0;2015v2.0;2015v2.1;2015v3.0;2016v3.0",2016,FALSE,TRUE,NA,NA
"/Return/ReturnData/IRS990/Form990PartVIISectionB/ContractorCompensation/AddressOfContractor/AddressForeign/Country","F9_07_PZ_CONTXRS_COUNTRY_FRGN",29,"Address Foreign - Country","","F990-PC-PART-07-SECTION-B-LINE-01-COL-A","F990-PC","PART-07","Section B Column (a)","PC","","text","MANY","F9-P07-TABLE-02-CONTXR-COMPENSATION",NA,"",NA,NA,NA,NA,NA
"/Return/ReturnData/IRS990EZ/CompOfHghstPaidCntrctProfSer/AddressForeign/Country","F9_07_PZ_CONTXRS_COUNTRY_FRGN",NA,"Highest compensated independent contractor (top 5 above 100K) foreign address country","[CompOfHghstPaidCntrctProfSer] Part VI Line 51; [AddressForeign] Part VI Line 51 Column (a)","F990-EZ-PART-06-LINE-51-COL-A","F990-EZ","PART-07","Line 51; Line 51 Column (a)","PZ","CountryType","text","MANY","F9-P07-TABLE-02-CONTXR-COMPENSATION",FALSE,"2009v1.0;2009v1.1;2009v1.2;2009v1.3;2009v1.4;2009v1.7;2010v3.2;2010v3.4;2010v3.6;2010v3.7;2011v1.2;2011v1.3;2011v1.4;2011v1.5;2012v2.0;2012v2.1;2012v2.2;2012v2.3;2012v3.0",2012,FALSE,TRUE,NA,NA
"/Return/ReturnData/IRS990/ContractorCompensation/NameOfContractor/NamePerson","F9_07_PZ_CONTXRS_NAME",21,"Highest compensated independent contractor (top 5 above 100K) person name","[ContractorCompensation] Part VII Section B; [NamePerson] Part VII Section B Line 1(A)","F990-PC-PART-07-SECTION-B-LINE-01-COL-A","F990-PC","PART-07","Section B Column (a)","PZ","PersonNameType","text","MANY","F9-P07-TABLE-02-CONTXR-COMPENSATION",FALSE,"2009v1.0;2009v1.1;2009v1.2;2009v1.3;2009v1.4;2009v1.7;2010v3.2;2010v3.4;2010v3.6;2010v3.7;2011v1.2;2011v1.3;2011v1.4;2011v1.5;2012v2.0;2012v2.1;2012v2.2;2012v2.3;2012v3.0",2012,FALSE,TRUE,NA,NA
"/Return/ReturnData/IRS990/ContractorCompensationGrp/ContractorName/PersonNm","F9_07_PZ_CONTXRS_NAME",21,"Highest compensated independent contractor (top 5 above 100K) person name","[ContractorCompensationGrp] Part VII Section B; [PersonNm] Part VII Section B Line 1(A)","F990-PC-PART-07-SECTION-B-LINE-01-COL-A","F990-PC","PART-07","Section B Column (a)","PZ","PersonNameType","text","MANY","F9-P07-TABLE-02-CONTXR-COMPENSATION",FALSE,"2013v3.0;2013v3.1;2013v4.0;2014v5.0;2014v6.0;2015v2.0;2015v2.1;2015v3.0;2016v3.0",2016,FALSE,TRUE,NA,NA
"/Return/ReturnData/IRS990/Form990PartVIISectionB/ContractorCompensation/NameOfContractor/NamePerson","F9_07_PZ_CONTXRS_NAME",21,"Name Of Contractor - Name - Person","","F990-PC-PART-07-SECTION-B-LINE-01-COL-A","F990-PC","PART-07","Section B Column (a)","PC","","text","MANY","F9-P07-TABLE-02-CONTXR-COMPENSATION",NA,"",NA,NA,NA,NA,NA
"/Return/ReturnData/IRS990EZ/CompensationOfHghstPdCntrctGrp/PersonNm","F9_07_PZ_CONTXRS_NAME",NA,"Highest compensated independent contractor (top 5 above 100K) person name","[CompensationOfHghstPdCntrctGrp] Part VI Line 51; [PersonNm] Part VI Line 51 Column (a)","F990-EZ-PART-06-LINE-51-COL-A","F990-EZ","PART-07","Line 51; Line 51 Column (a)","PZ","PersonNameType","text","MANY","F9-P07-TABLE-02-CONTXR-COMPENSATION",FALSE,"2013v3.0;2013v3.1;2013v4.0;2014v5.0;2014v6.0;2015v2.0;2015v2.1;2015v3.0;2016v3.0",2016,FALSE,TRUE,NA,NA
"/Return/ReturnData/IRS990EZ/CompOfHghstPaidCntrctProfSer/NamePerson","F9_07_PZ_CONTXRS_NAME",NA,"Highest compensated independent contractor (top 5 above 100K) person name","[CompOfHghstPaidCntrctProfSer] Part VI Line 51; [NamePerson] Part VI Line 51 Column (a)","F990-EZ-PART-06-LINE-51-COL-A","F990-EZ","PART-07","Line 51; Line 51 Column (a)","PZ","PersonNameType","text","MANY","F9-P07-TABLE-02-CONTXR-COMPENSATION",FALSE,"2009v1.0;2009v1.1;2009v1.2;2009v1.3;2009v1.4;2009v1.7;2010v3.2;2010v3.4;2010v3.6;2010v3.7;2011v1.2;2011v1.3;2011v1.4;2011v1.5;2012v2.0;2012v2.1;2012v2.2;2012v2.3;2012v3.0",2012,FALSE,TRUE,NA,NA
"/Return/ReturnData/IRS990/ContractorCompensation/DescriptionOfServices","F9_07_PZ_CONTXRS_SERVICES",25,"Highest compensated independent contractor (top 5 above 100K) description of services","[ContractorCompensation] Part VII Section B; [DescriptionOfServices] Part VII Section B Line 1(B)","F990-PC-PART-07-SECTION-B-LINE-01-COL-B","F990-PC","PART-07","Section B Column (b)","PZ","LineExplanationType","text","MANY","F9-P07-TABLE-02-CONTXR-COMPENSATION",FALSE,"2009v1.0;2009v1.1;2009v1.2;2009v1.3;2009v1.4;2009v1.7;2010v3.2;2010v3.4;2010v3.6;2010v3.7;2011v1.2;2011v1.3;2011v1.4;2011v1.5;2012v2.0;2012v2.1;2012v2.2;2012v2.3;2012v3.0",2012,FALSE,TRUE,NA,NA
"/Return/ReturnData/IRS990/ContractorCompensationGrp/ServicesDesc","F9_07_PZ_CONTXRS_SERVICES",25,"Highest compensated independent contractor (top 5 above 100K) description of services","[ContractorCompensationGrp] Part VII Section B; [ServicesDesc] Part VII Section B Line 1(B)","F990-PC-PART-07-SECTION-B-LINE-01-COL-B","F990-PC","PART-07","Section B Column (b)","PZ","LineExplanationType","text","MANY","F9-P07-TABLE-02-CONTXR-COMPENSATION",FALSE,"2013v3.0;2013v3.1;2013v4.0;2014v5.0;2014v6.0;2015v2.0;2015v2.1;2015v3.0;2016v3.0",2016,FALSE,TRUE,NA,NA
"/Return/ReturnData/IRS990/Form990PartVIISectionB/ContractorCompensation/DescriptionOfServices","F9_07_PZ_CONTXRS_SERVICES",25,"Description of services","","F990-PC-PART-07-SECTION-B-LINE-01-COL-B","F990-PC","PART-07","Section B Column (b)","PC","","text","MANY","F9-P07-TABLE-02-CONTXR-COMPENSATION",NA,"",NA,NA,NA,NA,NA
"/Return/ReturnData/IRS990EZ/CompensationOfHghstPdCntrctGrp/ServiceTypeTxt","F9_07_PZ_CONTXRS_SERVICES",NA,"Highest compensated independent contractor (top 5 above 100K) description of services","[CompensationOfHghstPdCntrctGrp] Part VI Line 51; [ServiceTypeTxt] Part VI Line 51 Column (b)","F990-EZ-PART-06-LINE-51-COL-B","F990-EZ","PART-07","Line 51; Line 51 Column (b)","PZ","LineExplanationType","text","MANY","F9-P07-TABLE-02-CONTXR-COMPENSATION",FALSE,"2013v3.0;2013v3.1;2013v4.0;2014v5.0;2014v6.0;2015v2.0;2015v2.1;2015v3.0;2016v3.0",2016,FALSE,TRUE,NA,NA
"/Return/ReturnData/IRS990EZ/CompOfHghstPaidCntrctProfSer/TypeOfService","F9_07_PZ_CONTXRS_SERVICES",NA,"Highest compensated independent contractor (top 5 above 100K) description of services","[CompOfHghstPaidCntrctProfSer] Part VI Line 51; [TypeOfService] Part VI Line 51 Column (b)","F990-EZ-PART-06-LINE-51-COL-B","F990-EZ","PART-07","Line 51; Line 51 Column (b)","PZ","LineExplanationType","text","MANY","F9-P07-TABLE-02-CONTXR-COMPENSATION",FALSE,"2009v1.0;2009v1.1;2009v1.2;2009v1.3;2009v1.4;2009v1.7;2010v3.2;2010v3.4;2010v3.6;2010v3.7;2011v1.2;2011v1.3;2011v1.4;2011v1.5;2012v2.0;2012v2.1;2012v2.2;2012v2.3;2012v3.0",2012,FALSE,TRUE,NA,NA
"/Return/ReturnData/IRS990/ContractorCompensation/AddressOfContractor/AddressForeign/ProvinceOrState","F9_07_PZ_CONTXRS_STATE_FRGN",27,"Highest compensated independent contractor (top 5 above 100K) foreign address province or state","[ContractorCompensation] Part VII Section B; [AddressForeign] Part VII Section B Line 1(A)","F990-PC-PART-07-SECTION-B-LINE-01-COL-A","F990-PC","PART-07","Section B Column (a)","PZ","TextType","text","MANY","F9-P07-TABLE-02-CONTXR-COMPENSATION",FALSE,"2009v1.0;2009v1.1;2009v1.2;2009v1.3;2009v1.4;2009v1.7;2010v3.2;2010v3.4;2010v3.6;2010v3.7;2011v1.2;2011v1.3;2011v1.4;2011v1.5;2012v2.0;2012v2.1;2012v2.2;2012v2.3;2012v3.0",2012,FALSE,TRUE,NA,NA
"/Return/ReturnData/IRS990/ContractorCompensationGrp/ContractorAddress/ForeignAddress/ProvinceOrState","F9_07_PZ_CONTXRS_STATE_FRGN",27,"Highest compensated independent contractor (top 5 above 100K) foreign address province or state","[ContractorCompensationGrp] Part VII Section B; [ForeignAddress] Part VII Section B Line 1(A)","F990-PC-PART-07-SECTION-B-LINE-01-COL-A","F990-PC","PART-07","Section B Column (a)","PZ","TextType","text","MANY","F9-P07-TABLE-02-CONTXR-COMPENSATION",FALSE,"2013v3.0;2013v3.1;2013v4.0",2013,FALSE,TRUE,NA,NA
"/Return/ReturnData/IRS990/ContractorCompensationGrp/ContractorAddress/ForeignAddress/ProvinceOrStateNm","F9_07_PZ_CONTXRS_STATE_FRGN",27,"Highest compensated independent contractor (top 5 above 100K) foreign address province or state","[ContractorCompensationGrp] Part VII Section B; [ForeignAddress] Part VII Section B Line 1(A)","F990-PC-PART-07-SECTION-B-LINE-01-COL-A","F990-PC","PART-07","Section B Column (a)","PZ","TextType","text","MANY","F9-P07-TABLE-02-CONTXR-COMPENSATION",FALSE,"2014v5.0;2014v6.0;2015v2.0;2015v2.1;2015v3.0;2016v3.0",2016,FALSE,TRUE,NA,NA
"/Return/ReturnData/IRS990/Form990PartVIISectionB/ContractorCompensation/AddressOfContractor/AddressForeign/ProvinceOrState","F9_07_PZ_CONTXRS_STATE_FRGN",27,"Province or state","","F990-PC-PART-07-SECTION-B-LINE-01-COL-A","F990-PC","PART-07","Section B Column (a)","PC","","text","MANY","F9-P07-TABLE-02-CONTXR-COMPENSATION",NA,"",NA,NA,NA,NA,NA
"/Return/ReturnData/IRS990EZ/CompOfHghstPaidCntrctProfSer/AddressForeign/ProvinceOrState","F9_07_PZ_CONTXRS_STATE_FRGN",NA,"Highest compensated independent contractor (top 5 above 100K) foreign address province or state","[CompOfHghstPaidCntrctProfSer] Part VI Line 51; [AddressForeign] Part VI Line 51 Column (a)","F990-EZ-PART-06-LINE-51-COL-A","F990-EZ","PART-07","Line 51; Line 51 Column (a)","PZ","TextType","text","MANY","F9-P07-TABLE-02-CONTXR-COMPENSATION",FALSE,"2009v1.0;2009v1.1;2009v1.2;2009v1.3;2009v1.4;2009v1.7;2010v3.2;2010v3.4;2010v3.6;2010v3.7;2011v1.2;2011v1.3;2011v1.4;2011v1.5;2012v2.0;2012v2.1;2012v2.2;2012v2.3;2012v3.0",2012,FALSE,TRUE,NA,NA
"/Return/ReturnData/IRS990/ContractorCompensation/AddressOfContractor/AddressUS/State","F9_07_PZ_CONTXRS_STATE_US",25,"Highest compensated independent contractor (top 5 above 100K) US address state","[ContractorCompensation] Part VII Section B; [AddressUS] Part VII Section B Line 1(A)","F990-PC-PART-07-SECTION-B-LINE-01-COL-A","F990-PC","PART-07","Section B Column (a)","PZ","StateType","text","MANY","F9-P07-TABLE-02-CONTXR-COMPENSATION",FALSE,"2009v1.0;2009v1.1;2009v1.2;2009v1.3;2009v1.4;2009v1.7;2010v3.2;2010v3.4;2010v3.6;2010v3.7;2011v1.2;2011v1.3;2011v1.4;2011v1.5;2012v2.0;2012v2.1;2012v2.2;2012v2.3;2012v3.0",2012,FALSE,TRUE,NA,NA
"/Return/ReturnData/IRS990/ContractorCompensationGrp/ContractorAddress/USAddress/State","F9_07_PZ_CONTXRS_STATE_US",25,"Highest compensated independent contractor (top 5 above 100K) US address state","[ContractorCompensationGrp] Part VII Section B; [USAddress] Part VII Section B Line 1(A)","F990-PC-PART-07-SECTION-B-LINE-01-COL-A","F990-PC","PART-07","Section B Column (a)","PZ","StateType","text","MANY","F9-P07-TABLE-02-CONTXR-COMPENSATION",FALSE,"2013v3.0;2013v3.1;2013v4.0",2013,FALSE,TRUE,NA,NA
"/Return/ReturnData/IRS990/ContractorCompensationGrp/ContractorAddress/USAddress/StateAbbreviationCd","F9_07_PZ_CONTXRS_STATE_US",25,"USAddress - StateAbbreviationCd","[ContractorCompensationGrp] Part VII Section B; [USAddress] Part VII Section B Line 1(A)","F990-PC-PART-07-SECTION-B-LINE-01-COL-A","F990-PC","PART-07","Section B Column (a)","PC","StateType","text","MANY","F9-P07-TABLE-02-CONTXR-COMPENSATION",NA,"2014v5.0;2014v6.0;2015v2.0;2015v2.1;2015v3.0;2016v3.0",2016,FALSE,TRUE,NA,NA
"/Return/ReturnData/IRS990/Form990PartVIISectionB/ContractorCompensation/AddressOfContractor/AddressUS/State","F9_07_PZ_CONTXRS_STATE_US",25,"Address US - State","","F990-PC-PART-07-SECTION-B-LINE-01-COL-A","F990-PC","PART-07","Section B Column (a)","PC","","text","MANY","F9-P07-TABLE-02-CONTXR-COMPENSATION",NA,"",NA,NA,NA,NA,NA
"/Return/ReturnData/IRS990EZ/CompensationOfHghstPdCntrctGrp/USAddress/State","F9_07_PZ_CONTXRS_STATE_US",NA,"Highest compensated independent contractor (top 5 above 100K) US address state","[CompensationOfHghstPdCntrctGrp] Part VI Line 51; [USAddress] Part VI Line 51 Column (a)","F990-EZ-PART-06-LINE-51-COL-A","F990-EZ","PART-07","Line 51; Line 51 Column (a)","PZ","StateType","text","MANY","F9-P07-TABLE-02-CONTXR-COMPENSATION",FALSE,"2013v3.0;2013v3.1;2013v4.0",2013,FALSE,TRUE,NA,NA
"/Return/ReturnData/IRS990EZ/CompensationOfHghstPdCntrctGrp/USAddress/StateAbbreviationCd","F9_07_PZ_CONTXRS_STATE_US",NA,"Highest compensated independent contractor (top 5 above 100K) US address state","[CompensationOfHghstPdCntrctGrp] Part VI Line 51; [USAddress] Part VI Line 51 Column (a)","F990-EZ-PART-06-LINE-51-COL-A","F990-EZ","PART-07","Line 51; Line 51 Column (a)","PZ","StateType","text","MANY","F9-P07-TABLE-02-CONTXR-COMPENSATION",FALSE,"2014v5.0;2014v6.0;2015v2.0;2015v2.1;2015v3.0;2016v3.0",2016,FALSE,TRUE,NA,NA
"/Return/ReturnData/IRS990EZ/CompOfHghstPaidCntrctProfSer/AddressUS/State","F9_07_PZ_CONTXRS_STATE_US",NA,"Highest compensated independent contractor (top 5 above 100K) US address state","[CompOfHghstPaidCntrctProfSer] Part VI Line 51; [AddressUS] Part VI Line 51 Column (a)","F990-EZ-PART-06-LINE-51-COL-A","F990-EZ","PART-07","Line 51; Line 51 Column (a)","PZ","StateType","text","MANY","F9-P07-TABLE-02-CONTXR-COMPENSATION",FALSE,"2009v1.0;2009v1.1;2009v1.2;2009v1.3;2009v1.4;2009v1.7;2010v3.2;2010v3.4;2010v3.6;2010v3.7;2011v1.2;2011v1.3;2011v1.4;2011v1.5;2012v2.0;2012v2.1;2012v2.2;2012v2.3;2012v3.0",2012,FALSE,TRUE,NA,NA
"/Return/ReturnData/IRS990/ContractorCompensation/AddressOfContractor/AddressForeign/PostalCode","F9_07_PZ_CONTXRS_ZIP_FRGN",25,"Highest compensated independent contractor (top 5 above 100K) foreign address zip code","[ContractorCompensation] Part VII Section B; [AddressForeign] Part VII Section B Line 1(A)","F990-PC-PART-07-SECTION-B-LINE-01-COL-A","F990-PC","PART-07","Section B Column (a)","PZ","TextType","text","MANY","F9-P07-TABLE-02-CONTXR-COMPENSATION",FALSE,"2009v1.0;2009v1.1;2009v1.2;2009v1.3;2009v1.4;2009v1.7;2010v3.2;2010v3.4;2010v3.6;2010v3.7;2011v1.2;2011v1.3;2011v1.4;2011v1.5;2012v2.0;2012v2.1;2012v2.2;2012v2.3;2012v3.0",2012,FALSE,TRUE,NA,NA
"/Return/ReturnData/IRS990/ContractorCompensationGrp/ContractorAddress/ForeignAddress/ForeignPostalCd","F9_07_PZ_CONTXRS_ZIP_FRGN",25,"Highest compensated independent contractor (top 5 above 100K) foreign address zip code","[ContractorCompensationGrp] Part VII Section B; [ForeignAddress] Part VII Section B Line 1(A)","F990-PC-PART-07-SECTION-B-LINE-01-COL-A","F990-PC","PART-07","Section B Column (a)","PZ","TextType","text","MANY","F9-P07-TABLE-02-CONTXR-COMPENSATION",FALSE,"2014v5.0;2014v6.0;2015v2.0;2015v2.1;2015v3.0;2016v3.0",2016,FALSE,TRUE,NA,NA
"/Return/ReturnData/IRS990/ContractorCompensationGrp/ContractorAddress/ForeignAddress/PostalCode","F9_07_PZ_CONTXRS_ZIP_FRGN",25,"Highest compensated independent contractor (top 5 above 100K) foreign address zip code","[ContractorCompensationGrp] Part VII Section B; [ForeignAddress] Part VII Section B Line 1(A)","F990-PC-PART-07-SECTION-B-LINE-01-COL-A","F990-PC","PART-07","Section B Column (a)","PZ","TextType","text","MANY","F9-P07-TABLE-02-CONTXR-COMPENSATION",FALSE,"2013v3.0;2013v3.1;2013v4.0",2013,FALSE,TRUE,NA,NA
"/Return/ReturnData/IRS990/Form990PartVIISectionB/ContractorCompensation/AddressOfContractor/AddressForeign/PostalCode","F9_07_PZ_CONTXRS_ZIP_FRGN",25,"Address Foreign - Postal code","","F990-PC-PART-07-SECTION-B-LINE-01-COL-A","F990-PC","PART-07","Section B Column (a)","PC","","text","MANY","F9-P07-TABLE-02-CONTXR-COMPENSATION",NA,"",NA,NA,NA,NA,NA
"/Return/ReturnData/IRS990EZ/CompOfHghstPaidCntrctProfSer/AddressForeign/PostalCode","F9_07_PZ_CONTXRS_ZIP_FRGN",NA,"Highest compensated independent contractor (top 5 above 100K) foreign address zip code","[CompOfHghstPaidCntrctProfSer] Part VI Line 51; [AddressForeign] Part VI Line 51 Column (a)","F990-EZ-PART-06-LINE-51-COL-A","F990-EZ","PART-07","Line 51; Line 51 Column (a)","PZ","TextType","text","MANY","F9-P07-TABLE-02-CONTXR-COMPENSATION",FALSE,"2009v1.0;2009v1.1;2009v1.2;2009v1.3;2009v1.4;2009v1.7;2010v3.2;2010v3.4;2010v3.6;2010v3.7;2011v1.2;2011v1.3;2011v1.4;2011v1.5;2012v2.0;2012v2.1;2012v2.2;2012v2.3;2012v3.0",2012,FALSE,TRUE,NA,NA
"/Return/ReturnData/IRS990/ContractorCompensation/AddressOfContractor/AddressUS/ZIPCode","F9_07_PZ_CONTXRS_ZIP_US",23,"Highest compensated independent contractor (top 5 above 100K) US address zip code","[ContractorCompensation] Part VII Section B; [AddressUS] Part VII Section B Line 1(A)","F990-PC-PART-07-SECTION-B-LINE-01-COL-A","F990-PC","PART-07","Section B Column (a)","PZ","ZIPCodeType","text","MANY","F9-P07-TABLE-02-CONTXR-COMPENSATION",FALSE,"2009v1.0;2009v1.1;2009v1.2;2009v1.3;2009v1.4;2009v1.7;2010v3.2;2010v3.4;2010v3.6;2010v3.7;2011v1.2;2011v1.3;2011v1.4;2011v1.5;2012v2.0;2012v2.1;2012v2.2;2012v2.3;2012v3.0",2012,FALSE,TRUE,NA,NA
"/Return/ReturnData/IRS990/ContractorCompensationGrp/ContractorAddress/USAddress/ZIPCd","F9_07_PZ_CONTXRS_ZIP_US",23,"Highest compensated independent contractor (top 5 above 100K) US address zip code","[ContractorCompensationGrp] Part VII Section B; [USAddress] Part VII Section B Line 1(A)","F990-PC-PART-07-SECTION-B-LINE-01-COL-A","F990-PC","PART-07","Section B Column (a)","PZ","ZIPCodeType","text","MANY","F9-P07-TABLE-02-CONTXR-COMPENSATION",FALSE,"2014v5.0;2014v6.0;2015v2.0;2015v2.1;2015v3.0;2016v3.0",2016,FALSE,TRUE,NA,NA
"/Return/ReturnData/IRS990/ContractorCompensationGrp/ContractorAddress/USAddress/ZIPCode","F9_07_PZ_CONTXRS_ZIP_US",23,"Highest compensated independent contractor (top 5 above 100K) US address zip code","[ContractorCompensationGrp] Part VII Section B; [USAddress] Part VII Section B Line 1(A)","F990-PC-PART-07-SECTION-B-LINE-01-COL-A","F990-PC","PART-07","Section B Column (a)","PZ","ZIPCodeType","text","MANY","F9-P07-TABLE-02-CONTXR-COMPENSATION",FALSE,"2013v3.0;2013v3.1;2013v4.0",2013,FALSE,TRUE,NA,NA
"/Return/ReturnData/IRS990/Form990PartVIISectionB/ContractorCompensation/AddressOfContractor/AddressUS/ZIPCode","F9_07_PZ_CONTXRS_ZIP_US",23,"Address US - ZIPCode","","F990-PC-PART-07-SECTION-B-LINE-01-COL-A","F990-PC","PART-07","Section B Column (a)","PC","","text","MANY","F9-P07-TABLE-02-CONTXR-COMPENSATION",NA,"",NA,NA,NA,NA,NA
"/Return/ReturnData/IRS990EZ/CompensationOfHghstPdCntrctGrp/USAddress/ZIPCd","F9_07_PZ_CONTXRS_ZIP_US",NA,"Highest compensated independent contractor (top 5 above 100K) US address zip code","[CompensationOfHghstPdCntrctGrp] Part VI Line 51; [USAddress] Part VI Line 51 Column (a)","F990-EZ-PART-06-LINE-51-COL-A","F990-EZ","PART-07","Line 51; Line 51 Column (a)","PZ","ZIPCodeType","text","MANY","F9-P07-TABLE-02-CONTXR-COMPENSATION",FALSE,"2014v5.0;2014v6.0;2015v2.0;2015v2.1;2015v3.0;2016v3.0",2016,FALSE,TRUE,NA,NA
"/Return/ReturnData/IRS990EZ/CompensationOfHghstPdCntrctGrp/USAddress/ZIPCode","F9_07_PZ_CONTXRS_ZIP_US",NA,"Highest compensated independent contractor (top 5 above 100K) US address zip code","[CompensationOfHghstPdCntrctGrp] Part VI Line 51; [USAddress] Part VI Line 51 Column (a)","F990-EZ-PART-06-LINE-51-COL-A","F990-EZ","PART-07","Line 51; Line 51 Column (a)","PZ","ZIPCodeType","text","MANY","F9-P07-TABLE-02-CONTXR-COMPENSATION",FALSE,"2013v3.0;2013v3.1;2013v4.0",2013,FALSE,TRUE,NA,NA
"/Return/ReturnData/IRS990EZ/CompOfHghstPaidCntrctProfSer/AddressUS/ZIPCode","F9_07_PZ_CONTXRS_ZIP_US",NA,"Highest compensated independent contractor (top 5 above 100K) US address zip code","[CompOfHghstPaidCntrctProfSer] Part VI Line 51; [AddressUS] Part VI Line 51 Column (a)","F990-EZ-PART-06-LINE-51-COL-A","F990-EZ","PART-07","Line 51; Line 51 Column (a)","PZ","ZIPCodeType","text","MANY","F9-P07-TABLE-02-CONTXR-COMPENSATION",FALSE,"2009v1.0;2009v1.1;2009v1.2;2009v1.3;2009v1.4;2009v1.7;2010v3.2;2010v3.4;2010v3.6;2010v3.7;2011v1.2;2011v1.3;2011v1.4;2011v1.5;2012v2.0;2012v2.1;2012v2.2;2012v2.3;2012v3.0",2012,FALSE,TRUE,NA,NA
"/Return/ReturnData/IRS990/Form990PartVIISectionA/AverageHoursPerWeek","F9_07_PZ_DTK_AVE_HOURS_WEEK",27,"Average hours per week","[AverageHoursPerWeek] Part VII Section A Line 1a B","F990-PC-PART-07-SECTION-A-COL-B-LINE-1","F990-PC","PART-07","Section A Column (b)","PZ","IntegerNNType","numeric","MANY","F9-P07-TABLE-01-DTK-COMPENSATION",FALSE,"2009v1.0;2009v1.1;2009v1.2;2009v1.3;2009v1.4;2009v1.7;2010v3.2;2010v3.4;2010v3.6;2010v3.7;2011v1.2;2011v1.3;2011v1.4;2011v1.5;2012v2.0;2012v2.1;2012v2.2;2012v2.3;2012v3.0",2012,FALSE,TRUE,NA,NA
"/Return/ReturnData/IRS990/Form990PartVIISectionAGrp/AverageHoursPerWeekRt","F9_07_PZ_DTK_AVE_HOURS_WEEK",27,"Average hours per week","[AverageHoursPerWeekRt] Part VII Section A Line 1a B","F990-PC-PART-07-SECTION-A-COL-B-LINE-1","F990-PC","PART-07","Section A Column (b)","PZ","xsd:decimal","numeric","MANY","F9-P07-TABLE-01-DTK-COMPENSATION",FALSE,"2013v3.0;2013v3.1;2013v4.0;2014v5.0;2014v6.0;2015v2.0;2015v2.1;2015v3.0;2016v3.0",2016,FALSE,TRUE,NA,NA
"/Return/ReturnData/IRS990EZ/Form990PartVIISectionA/AverageHoursPerWeek","F9_07_PZ_DTK_AVE_HOURS_WEEK",27,"Average hours per week","","F990-EZ-PART-04-COL-B","F990-EZ","PART-07","Column (b)","PZ","","numeric","MANY","F9-P07-TABLE-01-DTK-COMPENSATION",NA,"",NA,NA,NA,NA,NA
"/Return/ReturnData/IRS990EZ/OfficerDirectorTrusteeKeyEmpl/AvgHoursPerWkDevotedToPosition","F9_07_PZ_DTK_AVE_HOURS_WEEK",27,"Average hours per week","[OfficerDirectorTrusteeKeyEmpl] Part IV; [AvgHoursPerWkDevotedToPosition] Part IV - Column (b)","F990-EZ-PART-04-COL-B","F990-EZ","PART-07","Column (b)","PZ","LargeRatioType","numeric","MANY","F9-P07-TABLE-01-DTK-COMPENSATION",FALSE,"2012v2.0;2012v2.1;2012v2.2;2012v2.3;2012v3.0",2012,TRUE,TRUE,NA,NA
"/Return/ReturnData/IRS990/Form990PartVIISectionA/AverageHoursPerWeekRelated","F9_07_PZ_DTK_AVE_HOURS_WEEK_RLTD",32,"Average hours per week for related organizations","[AverageHoursPerWeekRelated] Part VII Section A Line 1a B","F990-PC-PART-07-SECTION-A-COL-B-LINE-2","F990-PC","PART-07","Section A Column (b)","PZ","","numeric","MANY","F9-P07-TABLE-01-DTK-COMPENSATION",NA,"2012v2.0;2012v2.1;2012v2.2;2012v2.3;2012v3.0",2012,FALSE,TRUE,NA,NA
"/Return/ReturnData/IRS990/Form990PartVIISectionAGrp/AverageHoursPerWeekRltdOrgRt","F9_07_PZ_DTK_AVE_HOURS_WEEK_RLTD",32,"Average hours per week for related organizations","[AverageHoursPerWeekRltdOrgRt] Part VII Section A Line 1a B","F990-PC-PART-07-SECTION-A-COL-B-LINE-2","F990-PC","PART-07","Section A Column (b)","PZ","xsd:decimal","numeric","MANY","F9-P07-TABLE-01-DTK-COMPENSATION",FALSE,"2013v3.0;2013v3.1;2013v4.0;2014v5.0;2014v6.0;2015v2.0;2015v2.1;2015v3.0;2016v3.0",2016,FALSE,TRUE,NA,NA
"/Return/ReturnData/IRS990EZ/Form990PartVIISectionAGrp/AverageHoursPerWeekRt","F9_07_PZ_DTK_AVE_HOURS_WEEK_RLTD",32,"Average hours per week","","F990-EZ-PART-04-COL-B","F990-EZ","PART-07","Column (b)","PZ","","numeric","MANY","F9-P07-TABLE-01-DTK-COMPENSATION",NA,"",NA,NA,NA,NA,NA
"/Return/ReturnData/IRS990EZ/OfficerDirectorTrusteeEmplGrp/AverageHrsPerWkDevotedToPosRt","F9_07_PZ_DTK_AVE_HOURS_WEEK_RLTD",32,"Average hours per week","[OfficerDirectorTrusteeEmplGrp] Part IV; [AverageHrsPerWkDevotedToPosRt] Part IV - Column (b)","F990-EZ-PART-04-COL-B","F990-EZ","PART-07","Column (b)","PZ","xsd:decimal","numeric","MANY","F9-P07-TABLE-01-DTK-COMPENSATION",FALSE,"2013v3.0;2013v3.1;2013v4.0;2014v5.0;2014v6.0;2015v2.0;2015v2.1;2015v3.0;2016v3.0",2016,FALSE,TRUE,NA,NA
"/Return/ReturnData/IRS990/Form990PartVIISectionA/Name/NameBusiness/BusinessNameLine1","F9_07_PZ_DTK_BIZ_NAME_L1",24,"Name Business - BusinessNameLine1","","F990-PC-PART-07-SECTION-A-COL-A","F990-PC","PART-07","Section A Column (a)","PZ","","text","MANY","F9-P07-TABLE-01-DTK-COMPENSATION",NA,"",NA,NA,NA,NA,NA
"/Return/ReturnData/IRS990/Form990PartVIISectionA/NameBusiness/BusinessNameLine1","F9_07_PZ_DTK_BIZ_NAME_L1",24,"Name Business - BusinessNameLine1","[NameBusiness] Part VII Section A Line 1a A","F990-PC-PART-07-SECTION-A-COL-A","F990-PC","PART-07","Section A Column (a)","PZ","BusinessNameLine1Type","text","MANY","F9-P07-TABLE-01-DTK-COMPENSATION",NA,"2009v1.0;2009v1.1;2009v1.2;2009v1.3;2009v1.4;2009v1.7;2010v3.2;2010v3.4;2010v3.6;2010v3.7;2011v1.2;2011v1.3;2011v1.4;2011v1.5;2012v2.0;2012v2.1;2012v2.2;2012v2.3;2012v3.0",2012,FALSE,TRUE,NA,NA
"/Return/ReturnData/IRS990/Form990PartVIISectionAGrp/BusinessName/BusinessNameLine1","F9_07_PZ_DTK_BIZ_NAME_L1",24,"Business Name - BusinessNameLine1","[BusinessName] Part VII Section A Line 1a A","F990-PC-PART-07-SECTION-A-COL-A","F990-PC","PART-07","Section A Column (a)","PZ","BusinessNameLine1Type","text","MANY","F9-P07-TABLE-01-DTK-COMPENSATION",NA,"2013v3.0;2013v3.1;2013v4.0",2013,FALSE,TRUE,NA,NA
"/Return/ReturnData/IRS990/Form990PartVIISectionAGrp/BusinessName/BusinessNameLine1Txt","F9_07_PZ_DTK_BIZ_NAME_L1",24,"Business Name - BusinessNameLine1Txt","[BusinessName] Part VII Section A Line 1a A","F990-PC-PART-07-SECTION-A-COL-A","F990-PC","PART-07","Section A Column (a)","PZ","BusinessNameLine1Type","text","MANY","F9-P07-TABLE-01-DTK-COMPENSATION",NA,"2014v5.0;2014v6.0;2015v2.0;2015v2.1;2015v3.0;2016v3.0",2016,FALSE,TRUE,NA,NA
"/Return/ReturnData/IRS990/OfcrDirTrusteesOrKeyEmployee/BusinessName/BusinessNameLine1","F9_07_PZ_DTK_BIZ_NAME_L1",24,"Business Name - BusinessNameLine1","","F990-PC-PART-07-SECTION-A-COL-A","F990-PC","PART-07","Section A Column (a)","PC","BusinessNameLine1Type","text","MANY","F9-P07-TABLE-01-DTK-COMPENSATION",NA,"",NA,NA,NA,NA,NA
"/Return/ReturnData/IRS990/Form990PartVIISectionA/Name/NameBusiness/BusinessNameLine2","F9_07_PZ_DTK_BIZ_NAME_L2",24,"Name Business - BusinessNameLine2","","F990-PC-PART-07-SECTION-A-COL-A","F990-PC","PART-07","Section A Column (a)","PZ","","text","MANY","F9-P07-TABLE-01-DTK-COMPENSATION",NA,"",NA,NA,NA,NA,NA
"/Return/ReturnData/IRS990/Form990PartVIISectionA/NameBusiness/BusinessNameLine2","F9_07_PZ_DTK_BIZ_NAME_L2",24,"Name Business - BusinessNameLine2","[NameBusiness] Part VII Section A Line 1a A","F990-PC-PART-07-SECTION-A-COL-A","F990-PC","PART-07","Section A Column (a)","PZ","BusinessNameLine2Type","text","MANY","F9-P07-TABLE-01-DTK-COMPENSATION",NA,"2009v1.0;2009v1.1;2009v1.2;2009v1.3;2009v1.4;2009v1.7;2010v3.2;2010v3.4;2010v3.6;2010v3.7;2011v1.2;2011v1.3;2011v1.4;2011v1.5;2012v2.0;2012v2.1;2012v2.2;2012v2.3;2012v3.0",2012,FALSE,TRUE,NA,NA
"/Return/ReturnData/IRS990/Form990PartVIISectionAGrp/BusinessName/BusinessNameLine2","F9_07_PZ_DTK_BIZ_NAME_L2",24,"Business Name - BusinessNameLine2","[BusinessName] Part VII Section A Line 1a A","F990-PC-PART-07-SECTION-A-COL-A","F990-PC","PART-07","Section A Column (a)","PZ","BusinessNameLine2Type","text","MANY","F9-P07-TABLE-01-DTK-COMPENSATION",NA,"2013v3.0;2013v3.1;2013v4.0",2013,FALSE,TRUE,NA,NA
"/Return/ReturnData/IRS990/Form990PartVIISectionAGrp/BusinessName/BusinessNameLine2Txt","F9_07_PZ_DTK_BIZ_NAME_L2",24,"Business Name - BusinessNameLine2Txt","[BusinessName] Part VII Section A Line 1a A","F990-PC-PART-07-SECTION-A-COL-A","F990-PC","PART-07","Section A Column (a)","PZ","BusinessNameLine2Type","text","MANY","F9-P07-TABLE-01-DTK-COMPENSATION",NA,"2014v5.0;2014v6.0;2015v2.0;2015v2.1;2015v3.0;2016v3.0",2016,FALSE,TRUE,NA,NA
"/Return/ReturnData/IRS990/OfcrDirTrusteesOrKeyEmployee/BusinessName/BusinessNameLine2","F9_07_PZ_DTK_BIZ_NAME_L2",24,"Business Name - BusinessNameLine2","","F990-PC-PART-07-SECTION-A-COL-A","F990-PC","PART-07","Section A Column (a)","PC","","text","MANY","F9-P07-TABLE-01-DTK-COMPENSATION",NA,"",NA,NA,NA,NA,NA
"/Return/ReturnData/IRS990/Form990PartVIISectionA/Name/NamePerson","F9_07_PZ_DTK_NAME",17,"Name - Name - Person","","F990-PC-PART-07-SECTION-A-COL-A","F990-PC","PART-07","Section A Column (a)","PZ","","text","MANY","F9-P07-TABLE-01-DTK-COMPENSATION",NA,"",NA,NA,NA,NA,NA
"/Return/ReturnData/IRS990/Form990PartVIISectionA/NamePerson","F9_07_PZ_DTK_NAME",17,"Name - Person","[NamePerson] Part VII Section A Line 1a A","F990-PC-PART-07-SECTION-A-COL-A","F990-PC","PART-07","Section A Column (a)","PZ","PersonNameType","text","MANY","F9-P07-TABLE-01-DTK-COMPENSATION",FALSE,"2009v1.0;2009v1.1;2009v1.2;2009v1.3;2009v1.4;2009v1.7;2010v3.2;2010v3.4;2010v3.6;2010v3.7;2011v1.2;2011v1.3;2011v1.4;2011v1.5;2012v2.0;2012v2.1;2012v2.2;2012v2.3;2012v3.0",2012,FALSE,TRUE,NA,NA
"/Return/ReturnData/IRS990/Form990PartVIISectionAGrp/PersonNm","F9_07_PZ_DTK_NAME",17,"Name - Person","[PersonNm] Part VII Section A Line 1a A","F990-PC-PART-07-SECTION-A-COL-A","F990-PC","PART-07","Section A Column (a)","PZ","PersonNameType","text","MANY","F9-P07-TABLE-01-DTK-COMPENSATION",FALSE,"2013v3.0;2013v3.1;2013v4.0;2014v5.0;2014v6.0;2015v2.0;2015v2.1;2015v3.0;2016v3.0",2016,FALSE,TRUE,NA,NA
"/Return/ReturnData/IRS990EZ/Form990PartVIISectionA/NamePerson","F9_07_PZ_DTK_NAME",17,"Form990 Part VIISection A - Name - Person","","F990-EZ-PART-04-COL-A","F990-EZ","PART-07","Column (a)","PZ","","text","MANY","F9-P07-TABLE-01-DTK-COMPENSATION",NA,"",NA,NA,NA,NA,NA
"/Return/ReturnData/IRS990EZ/Form990PartVIISectionAGrp/PersonNm","F9_07_PZ_DTK_NAME",17,"Form990 Part VIISection AGrp - Name - Person","","F990-EZ-PART-04-COL-A","F990-EZ","PART-07","Column (a)","PZ","","text","MANY","F9-P07-TABLE-01-DTK-COMPENSATION",NA,"",NA,NA,NA,NA,NA
"/Return/ReturnData/IRS990EZ/OfficerDirectorTrusteeEmplGrp/PersonNm","F9_07_PZ_DTK_NAME",17,"Name - Person","[OfficerDirectorTrusteeEmplGrp] Part IV; [PersonNm] Part IV - Column (a)","F990-EZ-PART-04-COL-A","F990-EZ","PART-07","Column (a)","PZ","PersonNameType","text","MANY","F9-P07-TABLE-01-DTK-COMPENSATION",FALSE,"2013v3.0;2013v3.1;2013v4.0;2014v5.0;2014v6.0;2015v2.0;2015v2.1;2015v3.0;2016v3.0",2016,FALSE,TRUE,NA,NA
"/Return/ReturnData/IRS990EZ/OfficerDirectorTrusteeKeyEmpl/PersonName","F9_07_PZ_DTK_NAME",17,"Name - Person","[OfficerDirectorTrusteeKeyEmpl] Part IV; [PersonName] Part IV - Column (a)","F990-EZ-PART-04-COL-A","F990-EZ","PART-07","Column (a)","PZ","PersonNameType","text","MANY","F9-P07-TABLE-01-DTK-COMPENSATION",FALSE,"2012v2.0;2012v2.1;2012v2.2;2012v2.3;2012v3.0",2012,TRUE,TRUE,NA,NA
"/Return/ReturnData/IRS990/Form990PartVIISectionA/Title","F9_07_PZ_DTK_TITLE",18,"Title","[Title] Part VII Section A Line 1a A","F990-PC-PART-07-SECTION-A-COL-A-LINE-2","F990-PC","PART-07","Section A Column (a)","PZ","LineExplanationType","text","MANY","F9-P07-TABLE-01-DTK-COMPENSATION",FALSE,"2009v1.0;2009v1.1;2009v1.2;2009v1.3;2009v1.4;2009v1.7;2010v3.2;2010v3.4;2010v3.6;2010v3.7;2011v1.2;2011v1.3;2011v1.4;2011v1.5;2012v2.0;2012v2.1;2012v2.2;2012v2.3;2012v3.0",2012,FALSE,TRUE,NA,NA
"/Return/ReturnData/IRS990/Form990PartVIISectionAGrp/TitleTxt","F9_07_PZ_DTK_TITLE",18,"Title","[TitleTxt] Part VII Section A Line 1a A","F990-PC-PART-07-SECTION-A-COL-A-LINE-2","F990-PC","PART-07","Section A Column (a)","PZ","LineExplanationType","text","MANY","F9-P07-TABLE-01-DTK-COMPENSATION",FALSE,"2013v3.0;2013v3.1;2013v4.0;2014v5.0;2014v6.0;2015v2.0;2015v2.1;2015v3.0;2016v3.0",2016,FALSE,TRUE,NA,NA
"/Return/ReturnData/IRS990/FrmrOfcrDirTrstOrKeyEmployee/BusinessName/BusinessNameLine1","F9_07_PZ_FORMER_DTK_BIZ_NAME_L1",31,"Business Name - BusinessNameLine1","","F990-PC-PART-07-SECTION-A-COL-A","F990-PC","PART-07","Section A Column (a)","PZ","","text","MANY","F9-P07-TABLE-01-DTK-COMPENSATION",NA,"",NA,NA,NA,NA,NA
"/Return/ReturnData/IRS990/FrmrOfcrDirTrstOrKeyEmployee/BusinessName/BusinessNameLine2","F9_07_PZ_FORMER_DTK_BIZ_NAME_L2",31,"Business Name - BusinessNameLine2","","F990-PC-PART-07-SECTION-A-COL-A","F990-PC","PART-07","Section A Column (a)","PZ","","text","MANY","F9-P07-TABLE-01-DTK-COMPENSATION",NA,"",NA,NA,NA,NA,NA
"/Return/ReturnData/IRS990/CntrctRcvdGreaterThan100KCnt","F9_07_PZ_NUM_HIGH_PAY_CONTXRS",29,"Total number of independent contractors who received 100K+ from org","[CntrctRcvdGreaterThan100KCnt] Part VII Section B Line 2","F990-PC-PART-07-SECTION-B-LINE-02","F990-PC","PART-07","Section B Line 2","PC","CountType","numeric","ONE","F9-P07-TABLE-00-COMP-OVERVIEW",FALSE,"2013v3.0;2013v3.1;2013v4.0;2014v5.0;2014v6.0;2015v2.0;2015v2.1;2015v3.0;2016v3.0",2016,FALSE,TRUE,NA,NA
"/Return/ReturnData/IRS990/Form990PartVIISectionA/NumberIndividualsGT100K","F9_07_PZ_NUM_HIGH_PAY_CONTXRS",29,"Number individuals greater than $100K","","F990-PC-PART-07-SECTION-B-LINE-02","F990-PC","PART-07","Section B Line 2","PC","","numeric","ONE","F9-P07-TABLE-00-COMP-OVERVIEW",NA,"",NA,NA,NA,NA,NA
"/Return/ReturnData/IRS990/Form990PartVIISectionB/NumberOfContractorsGT100K","F9_07_PZ_NUM_HIGH_PAY_CONTXRS",29,"Number of contractors greater than $100K","","F990-PC-PART-07-SECTION-B-LINE-02","F990-PC","PART-07","Section B Line 2","PC","","numeric","ONE","F9-P07-TABLE-00-COMP-OVERVIEW",NA,"",NA,NA,NA,NA,NA
"/Return/ReturnData/IRS990/NumberOfContractorsGT100K","F9_07_PZ_NUM_HIGH_PAY_CONTXRS",NA,"Total number of independent contractors who received 100K+ from org","[NumberOfContractorsGT100K] Part VII Section B Line 2","F990-PC-PART-07-SECTION-B-LINE-02","F990-PC","PART-07","Section B Line 2","PC","CountType","numeric","ONE","F9-P07-TABLE-00-COMP-OVERVIEW",FALSE,"2009v1.0;2009v1.1;2009v1.2;2009v1.3;2009v1.4;2009v1.7;2010v3.2;2010v3.4;2010v3.6;2010v3.7;2011v1.2;2011v1.3;2011v1.4;2011v1.5;2012v2.0;2012v2.1;2012v2.2;2012v2.3;2012v3.0",2012,FALSE,TRUE,NA,NA
"/Return/ReturnData/IRS990EZ/CntrctRcvdGreaterThan100KCnt","F9_07_PZ_NUM_HIGH_PAY_CONTXRS",NA,"Total number of independent contractors who received 100K+ from org","[CntrctRcvdGreaterThan100KCnt] Part VI Line 51d","F990-EZ-PART-06-LINE-51-COL-D","F990-EZ","PART-07","Line 51d","PC","IntegerNNType","numeric","ONE","F9-P07-TABLE-00-COMP-OVERVIEW",FALSE,"2013v3.0;2013v3.1;2013v4.0;2014v5.0;2014v6.0;2015v2.0;2015v2.1;2015v3.0;2016v3.0",2016,FALSE,TRUE,NA,NA
"/Return/ReturnData/IRS990EZ/TotNumCntrctPdOver100KProfSer","F9_07_PZ_NUM_HIGH_PAY_CONTXRS",NA,"Total number of independent contractors who received 100K+ from org","[TotNumCntrctPdOver100KProfSer] Part VI Line 51d","F990-EZ-PART-06-LINE-51-COL-D","F990-EZ","PART-07","Line 51d","PC","IntegerNNType","numeric","ONE","F9-P07-TABLE-00-COMP-OVERVIEW",FALSE,"2009v1.0;2009v1.1;2009v1.2;2009v1.3;2009v1.4;2009v1.7;2010v3.2;2010v3.4;2010v3.6;2010v3.7;2011v1.2;2011v1.3;2011v1.4;2011v1.5;2012v2.0;2012v2.1;2012v2.2;2012v2.3;2012v3.0",2012,FALSE,TRUE,NA,NA
"/Return/ReturnData/IRS990/InfoInScheduleOPartVII","F9_07_PZ_SCHED_O",16,"Schedule O contains a response to a question in Part VII","[InfoInScheduleOPartVII] Part VII","F990-PC-PART-07-LINE-00","F990-PC","PART-07","Line 00","PZ","CheckboxType","boolean","MANY","F9-P07-TABLE-03-SCHED-O-REPORT",FALSE,"2010v3.2;2010v3.4;2010v3.6;2010v3.7;2011v1.2;2011v1.3;2011v1.4;2011v1.5;2012v2.0;2012v2.1;2012v2.2;2012v2.3;2012v3.0",2012,FALSE,TRUE,NA,NA
"/Return/ReturnData/IRS990/InfoInScheduleOPartVIIInd","F9_07_PZ_SCHED_O",16,"Schedule O contains a response to a question in Part VII","[InfoInScheduleOPartVIIInd] Part VII","F990-PC-PART-07-LINE-00","F990-PC","PART-07","Line 00","PZ","CheckboxType","boolean","MANY","F9-P07-TABLE-03-SCHED-O-REPORT",FALSE,"2013v3.0;2013v3.1;2013v4.0;2014v5.0;2014v6.0;2015v2.0;2015v2.1;2015v3.0;2016v3.0",2016,FALSE,TRUE,NA,NA
"/Return/ReturnData/IRS990EZ/InfoInScheduleOPartIV","F9_07_PZ_SCHED_O",16,"Schedule O contains a response to a question in Part VII","[InfoInScheduleOPartIV] Part IV","F990-EZ-PART-04-LINE-00","F990-EZ","PART-07","Line 00","PZ","CheckboxType","boolean","MANY","F9-P07-TABLE-03-SCHED-O-REPORT",FALSE,"2010v3.2;2010v3.4;2010v3.6;2010v3.7;2011v1.2;2011v1.3;2011v1.4;2011v1.5;2012v2.0;2012v2.1;2012v2.2;2012v2.3;2012v3.0",2012,FALSE,TRUE,NA,NA
"/Return/ReturnData/IRS990EZ/InfoInScheduleOPartIVInd","F9_07_PZ_SCHED_O",16,"Schedule O contains a response to a question in Part VII","[InfoInScheduleOPartIVInd] Part IV","F990-EZ-PART-04-LINE-00","F990-EZ","PART-07","Line 00","PZ","CheckboxType","boolean","MANY","F9-P07-TABLE-03-SCHED-O-REPORT",FALSE,"2013v3.0;2013v3.1;2013v4.0;2014v5.0;2014v6.0;2015v2.0;2015v2.1;2015v3.0;2016v3.0",2016,FALSE,TRUE,NA,NA
"/Return/ReturnData/IRS990EZ/InfoInScheduleOPartVII","F9_07_PZ_SCHED_O",16,"Schedule O contains a response to a question in Part VII","","F990-EZ-PART-04-LINE-00","F990-EZ","PART-07","Line 00","PZ","","boolean","MANY","F9-P07-TABLE-03-SCHED-O-REPORT",NA,"",NA,NA,NA,NA,NA
"/Return/ReturnData/IRS990EZ/InfoInScheduleOPartVIIInd","F9_07_PZ_SCHED_O",16,"Schedule O contains a response to a question in Part VII","","F990-EZ-PART-04-LINE-00","F990-EZ","PART-07","Line 00","PZ","","boolean","MANY","F9-P07-TABLE-03-SCHED-O-REPORT",NA,"",NA,NA,NA,NA,NA
"/Return/ReturnData/IRS990EZ/Form990PartVIISectionA/Title","F9_07_PZ_DTK_TITLE",18,"Form990 Part VIISection A - Title","","F990-EZ-PART-04-COL-A","F990-EZ","PART-07","Column (a)","PZ","","text","MANY","F9-P07-TABLE-01-DTK-COMPENSATION",NA,"",NA,NA,NA,NA,NA
"/Return/ReturnData/IRS990EZ/Form990PartVIISectionAGrp/TitleTxt","F9_07_PZ_DTK_TITLE",18,"Form990 Part VIISection AGrp - Title","","F990-EZ-PART-04-COL-A","F990-EZ","PART-07","Column (a)","PZ","","text","MANY","F9-P07-TABLE-01-DTK-COMPENSATION",NA,"",NA,NA,NA,NA,NA
"/Return/ReturnData/IRS990EZ/OfficerDirectorTrusteeEmplGrp/TitleTxt","F9_07_PZ_DTK_TITLE",18,"Title","[OfficerDirectorTrusteeEmplGrp] Part IV; [TitleTxt] Part IV - Column (a)","F990-EZ-PART-04-COL-A","F990-EZ","PART-07","Column (a)","PZ","LineExplanationType","text","MANY","F9-P07-TABLE-01-DTK-COMPENSATION",FALSE,"2013v3.0;2013v3.1;2013v4.0;2014v5.0;2014v6.0;2015v2.0;2015v2.1;2015v3.0;2016v3.0",2016,FALSE,TRUE,NA,NA
"/Return/ReturnData/IRS990EZ/OfficerDirectorTrusteeEmplGrp/EmployeeBenefitProgramAmt","F9_07_EZ_COMP_BENF",NA,"Contributions to employee benefit plans and deferred compensation","[OfficerDirectorTrusteeEmplGrp] Part IV; [EmployeeBenefitProgramAmt] Part IV - Column (d)","F990-EZ-PART-04-COL-D","F990-EZ","PART-07","Column (d)","EZ","USAmountNNType","numeric","MANY","F9-P07-TABLE-01-DTK-COMPENSATION",FALSE,"2013v3.0;2013v3.1;2013v4.0;2014v5.0;2014v6.0;2015v2.0;2015v2.1;2015v3.0;2016v3.0",2016,FALSE,TRUE,NA,NA
"/Return/ReturnData/IRS990EZ/OfficerDirectorTrusteeEmplGrp/ExpenseAccountOtherAllwncAmt","F9_07_PZ_COMP_OTHER",NA,"Expense account and other allowances","[OfficerDirectorTrusteeEmplGrp] Part IV; [ExpenseAccountOtherAllwncAmt] Part IV - Column (e)","F990-EZ-PART-04-COL-E","F990-EZ","PART-07","Column (e)","PZ","USAmountNNType","numeric","MANY","F9-P07-TABLE-01-DTK-COMPENSATION",FALSE,"2013v3.0;2013v3.1;2013v4.0;2014v5.0;2014v6.0;2015v2.0;2015v2.1;2015v3.0;2016v3.0",2016,FALSE,TRUE,NA,NA
